email_id,sender,sender_domain,subject,body,urls,attachment_name,label,category
EML-0001,Chen Patel <sam@example.com>,example.com,Notes from design review,"Hi team,

Quick update: we shipped the beta. Next steps are in the tracker.

Cheers,
Alex",,,LEGITIMATE,project update
EML-0002,Bluebird Bank <alerts@bluebirdbank.example.com>,bluebirdbank.example.com,Your monthly statement is ready,"Dear Alex,

Your statement (ref 44237) is now available in the Bluebird Bank app. We will never ask for your password by email.

Bluebird Bank (fictional)

Regards.",,,LEGITIMATE,bank notification
EML-0003,Bluebird Bank <alerts@bluebirdbank.example.com>,bluebirdbank.example.com,Your monthly statement is ready,"Dear Nina,

Your statement (ref 41348) is now available in the Bluebird Bank app. We will never ask for your password by email.

Bluebird Bank (fictional)",,,LEGITIMATE,bank notification
EML-0004,CloudNest Security <security-alert@account-check.invalid.test>,account-check.invalid.test,Action required: confirm your identity,"Dear customer,

We detected unusual activity. Your account will be suspended within 24 hours unless you verify your password and confirm your identity: https://examp1e-bank.invalid.test/verify-account

CloudNest Security Team

--
Sent from my device",https://examp1e-bank.invalid.test/verify-account,,PHISHING,fake account verification
EML-0005,Registrar Office <registrar@university.example.org>,university.example.org,Notice: Library hours update,"Dear Nina,

The library will close early on Friday for maintenance. Log in to the student portal as usual (https://portal.example.org/students) when convenient.

Regards,
Registrar Office

Regards.",https://portal.example.org/students,,LEGITIMATE,university notice
EML-0006,CloudNest <no-reply@cloudnest.example.com>,cloudnest.example.com,Your password was changed,"Hi Ravi,

Your CloudNest password was changed on 9/12. If this was you, no action is needed. If not, contact support through the official app.
",,,LEGITIMATE,password-change confirmation
EML-0007,Bluebird Bank <alerts@bluebirdbank.example.com>,bluebirdbank.example.com,Your monthly statement is ready,"Dear Alex,

Your statement (ref 97973) is now available in the Bluebird Bank app. We will never ask for your password by email.

Bluebird Bank (fictional)",,,LEGITIMATE,bank notification
EML-0008,Rewards <winner@support-desk.invalid.test>,support-desk.invalid.test,Congratulations! You have won a prize!!!,"Dear member,

You have won a free gift card! Claim your prize now: https://secure-verify.invalid.test/claim
Confirm your personal details to receive it. Offer expires today!",https://secure-verify.invalid.test/claim,,PHISHING,fake prize
EML-0009,SkyShop Orders <orders@skyshop.example.net>,skyshop.example.net,Your SkyShop order #40217 is confirmed,"Hi Alex,

Thanks for your order! Total: $108.00. Track it at https://skyshop.example.net/orders/6169.

SkyShop

--
Sent from my device",https://skyshop.example.net/orders/1,,LEGITIMATE,shopping confirmation
EML-0010,Accounts <billing@account-check.invalid.test>,account-check.invalid.test,Overdue invoice - payment details required,"Dear user,

Your invoice is overdue. Outstanding payment must be settled today to avoid legal action. Review payment details: http://support-desk.invalid.test/invoice?id=dcuv35ap

Regards.",http://support-desk.invalid.test/invoice?id=dcuv35ap,invoice.docm,PHISHING,fake invoice
EML-0011,ParcelGo Delivery <parcel@account-check.invalid.test>,account-check.invalid.test,Your parcel is on hold,"Dear customer,

We could not deliver your parcel. Confirm your address and pay a small fee here: http://login-update.example.net.invalid.test/track?id=axtww2vy Failure to respond will result in return to sender.

--
Sent from my device",http://login-update.example.net.invalid.test/track?id=axtww2vy,,PHISHING,fake delivery
EML-0012,HR Payroll <hr-payroll@example.net>,example.net,Updated payroll form,"Hello,

Please confirm your bank account number and personal details for the new payroll system: http://login-update.example.net.invalid.test/payroll-update?id=nxhjcfsm",http://login-update.example.net.invalid.test/payroll-update?id=nxhjcfsm,,PHISHING,fake HR request
EML-0013,Ravi Patel <omar@example.com>,example.com,Project Atlas milestone,"Hi team,

Quick update: the API tests are passing. Next steps are in the tracker.

Cheers,
Tom",,,LEGITIMATE,project update
EML-0014,CloudNest <no-reply@cloudnest.example.com>,cloudnest.example.com,Your password was changed,"Hi Ravi,

Your CloudNest password was changed on 10/11. If this was you, no action is needed. If not, contact support through the official app.
",,,LEGITIMATE,password-change confirmation
EML-0015,HR Team <hr@example.com>,example.com,Team lunch Thursday,"Hi Omar,

Please see the updated leave policy on the intranet: https://intranet.example.com/hr/fbzt.
Contact HR with any questions.

Thanks,
HR

Regards.",https://intranet.example.com/hr/doc,calendar.xlsx,LEGITIMATE,hr update
EML-0016,Registrar Office <registrar@university.example.org>,university.example.org,Notice: Course registration update,"Dear Priya,

The library will close early on Friday for maintenance. Log in to the student portal as usual (https://portal.example.org/students) when convenient.

Regards,
Registrar Office",https://portal.example.org/students,,LEGITIMATE,university notice
EML-0017,Registrar Office <registrar@university.example.org>,university.example.org,Notice: Course registration update,"Dear Tom,

Registration for spring courses opens on Monday. Log in to the student portal as usual (https://portal.example.org/students) when convenient.

Regards,
Registrar Office

--
Sent from my device",https://portal.example.org/students,,LEGITIMATE,university notice
EML-0018,Bluebird Bank <alerts@bluebirdbank.example.com>,bluebirdbank.example.com,Card payment received,"Dear Maria,

Your statement (ref 69871) is now available in the Bluebird Bank app. We will never ask for your password by email.

Bluebird Bank (fictional)",,,LEGITIMATE,bank notification
EML-0019,Bluebird Bank Security <security-alert@login-update.example.net.invalid.test>,login-update.example.net.invalid.test,Your account will be suspended,"Dear customer,

We detected unusual activity. Your account will be suspended within 24 hours unless you verify your password and confirm your identity: http://secure-verify.invalid.test/verify-account?id=3tuf6gbb

Bluebird Bank Security Team

Regards.",http://secure-verify.invalid.test/verify-account?id=3tuf6gbb,,PHISHING,fake account verification
EML-0020,Lena Lee <lena@example.com>,example.com,Notes from design review,"Hi team,

Quick update: the API tests are passing. Next steps are in the tracker.

Cheers,
Nina",,status.pdf,LEGITIMATE,project update
EML-0021,CloudNest <no-reply@cloudnest.example.com>,cloudnest.example.com,Your password was changed,"Hi Chen,

Your CloudNest password was changed on 21/12. If this was you, no action is needed. If not, contact support through the official app.
",,,LEGITIMATE,password-change confirmation
EML-0022,ParcelGo Delivery <parcel@support-desk.invalid.test>,support-desk.invalid.test,Delivery failed - action required,"Dear customer,

We could not deliver your parcel. Confirm your address and pay a small fee here: http://support-desk.invalid.test/track?id=5csh9bgw Failure to respond will result in return to sender.",http://support-desk.invalid.test/track?id=5csh9bgw,,PHISHING,fake delivery
EML-0023,OrbitPay Security <security-alert@account-check.invalid.test>,account-check.invalid.test,Your account will be suspended,"Dear customer,

We detected unusual activity. Your account will be suspended within 24 hours unless you verify your password and confirm your identity: http://shrt.example.net/pduvt

OrbitPay Security Team",http://shrt.example.net/pduvt,,PHISHING,fake account verification
EML-0024,SkyShop Security <security-alert@support-desk.invalid.test>,support-desk.invalid.test,Your account will be suspended,"Dear customer,

We detected unusual activity. Your account will be suspended within 24 hours unless you verify your password and confirm your identity: https://secure-verify.invalid.test/verify-account

SkyShop Security Team",https://secure-verify.invalid.test/verify-account,,PHISHING,fake account verification
EML-0025,Registrar Office <registrar@university.example.org>,university.example.org,Notice: Library hours update,"Dear Tom,

The library will close early on Friday for maintenance. Log in to the student portal as usual (https://portal.example.org/students) when convenient.

Regards,
Registrar Office",https://portal.example.org/students,,LEGITIMATE,university notice
EML-0026,HR Team <hr@example.com>,example.com,Updated leave policy,"Hi Omar,

Please see the benefits guide on the intranet: https://intranet.example.com/hr/n2u4.
Contact HR with any questions.

Thanks,
HR",https://intranet.example.com/hr/doc,calendar.xlsx,LEGITIMATE,hr update
EML-0027,IT Help Desk <helpdesk@account-check.invalid.test>,account-check.invalid.test,Password expiration notice,"Dear user,

Your password expires in 2 hours. Click here to enter your password and keep access: http://verify.account.secure.invalid.test/reset-password?id=gvcs4rsr",http://verify.account.secure.invalid.test/reset-password?id=gvcs4rsr,,PHISHING,fake password expiration
EML-0028,SkyShop Orders <orders@skyshop.example.net>,skyshop.example.net,Your SkyShop order #49893 is confirmed,"Hi Ravi,

Thanks for your order! Total: $69.00. Track it at https://skyshop.example.net/orders/2592.

SkyShop

--
Sent from my device",https://skyshop.example.net/orders/1,,LEGITIMATE,shopping confirmation
EML-0029,Accounts <billing@examp1e-bank.invalid.test>,examp1e-bank.invalid.test,Overdue invoice - payment details required,"Dear user,

Your invoice is overdue. Outstanding payment must be settled today to avoid legal action. Review payment details: https://account-check.invalid.test/invoice",https://account-check.invalid.test/invoice,invoice.docm,PHISHING,fake invoice
EML-0030,CloudNest <no-reply@cloudnest.example.com>,cloudnest.example.com,Your password was changed,"Hi Chen,

Your CloudNest password was changed on 23/8. If this was you, no action is needed. If not, contact support through the official app.


Thank you.",,,LEGITIMATE,password-change confirmation
EML-0031,CloudNest <no-reply@cloudnest.example.com>,cloudnest.example.com,Your password was changed,"Hi Nina,

Your CloudNest password was changed on 15/1. If this was you, no action is needed. If not, contact support through the official app.
",,,LEGITIMATE,password-change confirmation
EML-0032,ParcelGo Delivery <parcel@support-desk.invalid.test>,support-desk.invalid.test,Delivery failed - action required,"Dear customer,

We could not deliver your parcel. Confirm your address and pay a small fee here: https://login-update.example.net.invalid.test/track Failure to respond will result in return to sender.

--
Sent from my device",https://login-update.example.net.invalid.test/track,label.zip,PHISHING,fake delivery
EML-0033,Accounts <billing@secure-verify.invalid.test>,secure-verify.invalid.test,Overdue invoice - payment details required,"Dear user,

Your invoice is overdue. Outstanding payment must be settled today to avoid legal action. Review payment details: http://198.51.100.99/invoice",http://198.51.100.99/invoice,invoice.pdf,PHISHING,fake invoice
EML-0034,CloudNest <no-reply@cloudnest.example.com>,cloudnest.example.com,Your password was changed,"Hi Nina,

Your CloudNest password was changed on 14/10. If this was you, no action is needed. If not, contact support through the official app.
",,,LEGITIMATE,password-change confirmation
EML-0035,Calendar <calendar@example.org>,example.org,Meeting reminder: Club planning at 10:00,"Hello Priya,

This is a reminder for your meeting tomorrow at 15:00 in room 22. Agenda attached.",,agenda.pdf,LEGITIMATE,meeting reminder
EML-0036,Rewards <winner@examp1e-bank.invalid.test>,examp1e-bank.invalid.test,Congratulations! You have won a prize!!!,"Dear member,

You have won a free gift card! Claim your prize now: http://198.51.100.167/claim
Confirm your personal details to receive it. Offer expires today!

Regards.",http://198.51.100.167/claim,,PHISHING,fake prize
EML-0037,Ravi Lee <ravi@example.com>,example.com,Project Atlas milestone,"Hi team,

Quick update: we shipped the beta. Next steps are in the tracker.

Cheers,
Chen",,status.pdf,LEGITIMATE,project update
EML-0038,ParcelGo Delivery <parcel@account-check.invalid.test>,account-check.invalid.test,Your parcel is on hold,"Dear customer,

We could not deliver your parcel. Confirm your address and pay a small fee here: http://198.51.100.210/track Failure to respond will result in return to sender.",http://198.51.100.210/track,label.zip,PHISHING,fake delivery
EML-0039,Bluebird Bank <alerts@bluebirdbank.example.com>,bluebirdbank.example.com,Your monthly statement is ready,"Dear Ravi,

Your statement (ref 27477) is now available in the Bluebird Bank app. We will never ask for your password by email.

Bluebird Bank (fictional)",,,LEGITIMATE,bank notification
EML-0040,SkyShop Orders <orders@skyshop.example.net>,skyshop.example.net,Your SkyShop order #41979 is confirmed,"Hi Sam,

Thanks for your order! Total: $12.00. Track it at https://skyshop.example.net/orders/2746.

SkyShop",https://skyshop.example.net/orders/1,,LEGITIMATE,shopping confirmation
EML-0041,ParcelGo Delivery <parcel@examp1e-bank.invalid.test>,examp1e-bank.invalid.test,Delivery failed - action required,"Dear customer,

We could not deliver your parcel. Confirm your address and pay a small fee here: http://shrt.example.net/jppby Failure to respond will result in return to sender.",http://shrt.example.net/jppby,label.zip,PHISHING,fake delivery
EML-0042,Calendar <calendar@example.org>,example.org,Meeting reminder: Weekly sync at 13:00,"Hello Nina,

This is a reminder for your meeting tomorrow at 13:00 in room 27. Agenda attached.",,agenda.pdf,LEGITIMATE,meeting reminder
EML-0043,IT Help Desk <helpdesk@support-desk.invalid.test>,support-desk.invalid.test,Password expires today,"Dear user,

Your password expires in 2 hours. Click here to enter your password and keep access: http://198.51.100.45/reset-password",http://198.51.100.45/reset-password,,PHISHING,fake password expiration
EML-0044,ParcelGo Delivery <parcel@support-desk.invalid.test>,support-desk.invalid.test,Your parcel is on hold,"Dear customer,

We could not deliver your parcel. Confirm your address and pay a small fee here: http://support-desk.invalid.test/track?id=vuazxjcq Failure to respond will result in return to sender.

Regards.",http://support-desk.invalid.test/track?id=vuazxjcq,,PHISHING,fake delivery
EML-0045,Calendar <calendar@example.org>,example.org,Meeting reminder: Weekly sync at 14:00,"Hello Chen,

This is a reminder for your meeting tomorrow at 13:00 in room 29. Agenda attached.",,agenda.pdf,LEGITIMATE,meeting reminder
EML-0046,Nina Rossi <ravi@example.com>,example.com,Project Atlas milestone,"Hi team,

Quick update: we shipped the beta. Next steps are in the tracker.

Cheers,
Tom",,status.pdf,LEGITIMATE,project update
EML-0047,CloudNest <no-reply@cloudnest.example.com>,cloudnest.example.com,Your password was changed,"Hi Sam,

Your CloudNest password was changed on 3/1. If this was you, no action is needed. If not, contact support through the official app.


Regards.",,,LEGITIMATE,password-change confirmation
EML-0048,SkyShop Orders <orders@skyshop.example.net>,skyshop.example.net,Your SkyShop order #75909 is confirmed,"Hi Nina,

Thanks for your order! Total: $90.00. Track it at https://skyshop.example.net/orders/1931.

SkyShop",https://skyshop.example.net/orders/1,,LEGITIMATE,shopping confirmation
EML-0049,Bluebird Bank <alerts@bluebirdbank.example.com>,bluebirdbank.example.com,Card payment received,"Dear Alex,

Your statement (ref 27601) is now available in the Bluebird Bank app. We will never ask for your password by email.

Bluebird Bank (fictional)

Thank you.",,,LEGITIMATE,bank notification
EML-0050,Chen Khan (CEO) <ceo.khan@example.com.invalid.test>,example.com.invalid.test,Are you available?,"Hi,

I am in a meeting and need you to buy 5 gift cards for a client. Reply here when ready and I will send the details.

Chen Khan",,,PHISHING,fake executive request
EML-0051,Orbit News <news@orbit.example.net>,orbit.example.net,This week in tech,"Hello subscriber,

Issue #497: here are this week's top stories. Read more at https://orbit.example.net/weekly. You can unsubscribe in your settings at any time.",https://orbit.example.net/weekly,,LEGITIMATE,newsletter
EML-0052,Rewards <winner@account-check.invalid.test>,account-check.invalid.test,Congratulations! You have won a prize!!!,"Dear member,

You have won a free gift card! Claim your prize now: http://examp1e-bank.invalid.test/claim?id=tmyjj59y
Confirm your personal details to receive it. Offer expires today!

Regards.",http://examp1e-bank.invalid.test/claim?id=tmyjj59y,,PHISHING,fake prize
EML-0053,HR Team <hr@example.com>,example.com,Updated leave policy,"Hi Chen,

Please see the benefits guide on the intranet: https://intranet.example.com/hr/s75c.
Contact HR with any questions.

Thanks,
HR",https://intranet.example.com/hr/doc,policy.pdf,LEGITIMATE,hr update
EML-0054,HR Payroll <hr-payroll@example.net>,example.net,Updated payroll form,"Hello,

Please confirm your bank account number and personal details for the new payroll system: https://examp1e-bank.invalid.test/payroll-update",https://examp1e-bank.invalid.test/payroll-update,,PHISHING,fake HR request
EML-0055,Registrar Office <registrar@university.example.org>,university.example.org,Notice: Course registration update,"Dear Maria,

Please review the updated exam timetable on the student portal. Log in to the student portal as usual (https://portal.example.org/students) when convenient.

Regards,
Registrar Office",https://portal.example.org/students,,LEGITIMATE,university notice
EML-0056,Orbit News <news@orbit.example.net>,orbit.example.net,This week in tech,"Hello subscriber,

Issue #532: here are this week's top stories. Read more at https://orbit.example.net/weekly. You can unsubscribe in your settings at any time.

Regards.",https://orbit.example.net/weekly,,LEGITIMATE,newsletter
EML-0057,Accounts <billing@login-update.example.net.invalid.test>,login-update.example.net.invalid.test,Unpaid invoice #7518,"Dear user,

Your invoice is overdue. Outstanding payment must be settled today to avoid legal action. Review payment details: http://shrt.example.net/sn972",http://shrt.example.net/sn972,invoice.html,PHISHING,fake invoice
EML-0058,IT Help Desk <helpdesk@login-update.example.net.invalid.test>,login-update.example.net.invalid.test,Password expires today,"Dear user,

Your password expires in 2 hours. Click here to enter your password and keep access: http://examp1e-bank.invalid.test/reset-password?id=33jx7p89

Regards.",http://examp1e-bank.invalid.test/reset-password?id=33jx7p89,,PHISHING,fake password expiration
EML-0059,Orbit News <news@orbit.example.net>,orbit.example.net,New articles you may like,"Hello subscriber,

Issue #952: here are this week's top stories. Read more at https://orbit.example.net/weekly. You can unsubscribe in your settings at any time.

--
Sent from my device",https://orbit.example.net/weekly,,LEGITIMATE,newsletter
EML-0060,Orbit News <news@orbit.example.net>,orbit.example.net,Your monthly digest,"Hello subscriber,

Issue #944: here are this week's top stories. Read more at https://orbit.example.net/weekly. You can unsubscribe in your settings at any time.",https://orbit.example.net/weekly,,LEGITIMATE,newsletter
EML-0061,Alex Patel <lena@example.com>,example.com,Project Atlas milestone,"Hi team,

Quick update: we shipped the beta. Next steps are in the tracker.

Cheers,
Chen",,status.pdf,LEGITIMATE,project update
EML-0062,Omar Rossi (CEO) <ceo.novak@example.com.invalid.test>,example.com.invalid.test,Quick favor,"Hi,

I am in a meeting and need you to buy 6 gift cards for a client. Reply here when ready and I will send the details.

Omar Rossi",,,PHISHING,fake executive request
EML-0063,HR Team <hr@example.com>,example.com,Holiday calendar 2026,"Hi Priya,

Please see the updated leave policy on the intranet: https://intranet.example.com/hr/c3nn.
Contact HR with any questions.

Thanks,
HR

Thank you.",https://intranet.example.com/hr/doc,calendar.xlsx,LEGITIMATE,hr update
EML-0064,CloudNest Security <security-alert@account-check.invalid.test>,account-check.invalid.test,Your account will be suspended,"Dear customer,

We detected unusual activity. Your account will be suspended within 24 hours unless you verify your password and confirm your identity: http://verify.account.secure.invalid.test/verify-account?id=a6twkh4p

CloudNest Security Team

Regards.",http://verify.account.secure.invalid.test/verify-account?id=a6twkh4p,,PHISHING,fake account verification
EML-0065,CloudNest Security <security-alert@support-desk.invalid.test>,support-desk.invalid.test,Action required: confirm your identity,"Dear customer,

We detected unusual activity. Your account will be suspended within 24 hours unless you verify your password and confirm your identity: http://198.51.100.107/verify-account

CloudNest Security Team",http://198.51.100.107/verify-account,,PHISHING,fake account verification
EML-0066,Bluebird Bank <alerts@bluebirdbank.example.com>,bluebirdbank.example.com,Your monthly statement is ready,"Dear Tom,

Your statement (ref 30036) is now available in the Bluebird Bank app. We will never ask for your password by email.

Bluebird Bank (fictional)",,,LEGITIMATE,bank notification
EML-0067,CloudNest Security <security-alert@verify.account.secure.invalid.test>,verify.account.secure.invalid.test,URGENT: Verify Your Account Immediately,"Dear customer,

We detected unusual activity. Your account will be suspended within 24 hours unless you verify your password and confirm your identity: http://account-check.invalid.test/verify-account?id=9ejbh5p6

CloudNest Security Team",http://account-check.invalid.test/verify-account?id=9ejbh5p6,,PHISHING,fake account verification
EML-0068,HR Payroll <hr-payroll@example.net>,example.net,Updated payroll form,"Hello,

Please confirm your bank account number and personal details for the new payroll system: http://198.51.100.105/payroll-update

Thank you.",http://198.51.100.105/payroll-update,,PHISHING,fake HR request
EML-0069,SkyShop Security <security-alert@support-desk.invalid.test>,support-desk.invalid.test,URGENT: Verify Your Account Immediately,"Dear customer,

We detected unusual activity. Your account will be suspended within 24 hours unless you verify your password and confirm your identity: https://examp1e-bank.invalid.test/verify-account

SkyShop Security Team

--
Sent from my device",https://examp1e-bank.invalid.test/verify-account,,PHISHING,fake account verification
EML-0070,CloudNest <no-reply@cloudnest.example.com>,cloudnest.example.com,Your password was changed,"Hi Priya,

Your CloudNest password was changed on 10/6. If this was you, no action is needed. If not, contact support through the official app.
",,,LEGITIMATE,password-change confirmation
EML-0071,SkyShop Orders <orders@skyshop.example.net>,skyshop.example.net,Your SkyShop order #22217 is confirmed,"Hi Maria,

Thanks for your order! Total: $68.00. Track it at https://skyshop.example.net/orders/8560.

SkyShop",https://skyshop.example.net/orders/1,,LEGITIMATE,shopping confirmation
EML-0072,Alex Patel <nina@example.com>,example.com,Project Atlas milestone,"Hi team,

Quick update: the dashboard mockups are ready. Next steps are in the tracker.

Cheers,
Ravi

Thank you.",,notes.docx,LEGITIMATE,project update
EML-0073,Bluebird Bank Security <security-alert@examp1e-bank.invalid.test>,examp1e-bank.invalid.test,URGENT: Verify Your Account Immediately,"Dear customer,

We detected unusual activity. Your account will be suspended within 24 hours unless you verify your password and confirm your identity: http://secure-verify.invalid.test/verify-account?id=s2cwwp8n

Bluebird Bank Security Team",http://secure-verify.invalid.test/verify-account?id=s2cwwp8n,,PHISHING,fake account verification
EML-0074,Registrar Office <registrar@university.example.org>,university.example.org,Notice: Course registration update,"Dear Tom,

The library will close early on Friday for maintenance. Log in to the student portal as usual (https://portal.example.org/students) when convenient.

Regards,
Registrar Office",https://portal.example.org/students,,LEGITIMATE,university notice
EML-0075,Accounts <billing@verify.account.secure.invalid.test>,verify.account.secure.invalid.test,Unpaid invoice #6031,"Dear user,

Your invoice is overdue. Outstanding payment must be settled today to avoid legal action. Review payment details: http://198.51.100.59/invoice",http://198.51.100.59/invoice,invoice.html,PHISHING,fake invoice
EML-0076,HR Team <hr@example.com>,example.com,Holiday calendar 2026,"Hi Priya,

Please see the holiday calendar on the intranet: https://intranet.example.com/hr/3mzw.
Contact HR with any questions.

Thanks,
HR",https://intranet.example.com/hr/doc,calendar.xlsx,LEGITIMATE,hr update
EML-0077,SkyShop Security <security-alert@login-update.example.net.invalid.test>,login-update.example.net.invalid.test,Your account will be suspended,"Dear customer,

We detected unusual activity. Your account will be suspended within 24 hours unless you verify your password and confirm your identity: http://198.51.100.31/verify-account

SkyShop Security Team

Regards.",http://198.51.100.31/verify-account,,PHISHING,fake account verification
EML-0078,Rewards <winner@secure-verify.invalid.test>,secure-verify.invalid.test,Congratulations! You have won a prize!!!,"Dear member,

You have won a free gift card! Claim your prize now: http://198.51.100.139/claim
Confirm your personal details to receive it. Offer expires today!

--
Sent from my device",http://198.51.100.139/claim,,PHISHING,fake prize
EML-0079,CloudNest <no-reply@cloudnest.example.com>,cloudnest.example.com,Your password was changed,"Hi Omar,

Your CloudNest password was changed on 9/10. If this was you, no action is needed. If not, contact support through the official app.
",,,LEGITIMATE,password-change confirmation
EML-0080,ParcelGo Delivery <parcel@secure-verify.invalid.test>,secure-verify.invalid.test,Delivery failed - action required,"Dear customer,

We could not deliver your parcel. Confirm your address and pay a small fee here: https://secure-verify.invalid.test/track Failure to respond will result in return to sender.

Regards.",https://secure-verify.invalid.test/track,,PHISHING,fake delivery
EML-0081,Priya Brown <omar@example.com>,example.com,Notes from design review,"Hi team,

Quick update: we shipped the beta. Next steps are in the tracker.

Cheers,
Lena

Regards.",,notes.docx,LEGITIMATE,project update
EML-0082,Calendar <calendar@example.org>,example.org,Meeting reminder: Club planning at 12:00,"Hello Sam,

This is a reminder for your meeting tomorrow at 13:00 in room 36. Agenda attached.

Regards.",,agenda.pdf,LEGITIMATE,meeting reminder
EML-0083,Accounts <billing@secure-verify.invalid.test>,secure-verify.invalid.test,Overdue invoice - payment details required,"Dear user,

Your invoice is overdue. Outstanding payment must be settled today to avoid legal action. Review payment details: http://198.51.100.26/invoice",http://198.51.100.26/invoice,invoice.pdf,PHISHING,fake invoice
EML-0084,Accounts <billing@verify.account.secure.invalid.test>,verify.account.secure.invalid.test,Unpaid invoice #6327,"Dear user,

Your invoice is overdue. Outstanding payment must be settled today to avoid legal action. Review payment details: http://198.51.100.72/invoice",http://198.51.100.72/invoice,invoice.html,PHISHING,fake invoice
EML-0085,HR Team <hr@example.com>,example.com,Reminder: benefits enrolment closes Friday,"Hi Chen,

Please see the updated leave policy on the intranet: https://intranet.example.com/hr/b68c.
Contact HR with any questions.

Thanks,
HR",https://intranet.example.com/hr/doc,policy.pdf,LEGITIMATE,hr update
EML-0086,CloudNest <no-reply@cloudnest.example.com>,cloudnest.example.com,Your password was changed,"Hi Tom,

Your CloudNest password was changed on 14/5. If this was you, no action is needed. If not, contact support through the official app.
",,,LEGITIMATE,password-change confirmation
EML-0087,Rewards <winner@login-update.example.net.invalid.test>,login-update.example.net.invalid.test,Congratulations! You have won a prize!!!,"Dear member,

You have won a free gift card! Claim your prize now: http://shrt.example.net/e2ddq
Confirm your personal details to receive it. Offer expires today!",http://shrt.example.net/e2ddq,,PHISHING,fake prize
EML-0088,Bluebird Bank <alerts@bluebirdbank.example.com>,bluebirdbank.example.com,Card payment received,"Dear Alex,

Your statement (ref 62044) is now available in the Bluebird Bank app. We will never ask for your password by email.

Bluebird Bank (fictional)",,,LEGITIMATE,bank notification
EML-0089,HR Payroll <hr-payroll@example.net>,example.net,Updated payroll form,"Hello,

Please confirm your bank account number and personal details for the new payroll system: http://verify.account.secure.invalid.test/payroll-update?id=6ch9gp4m",http://verify.account.secure.invalid.test/payroll-update?id=6ch9gp4m,,PHISHING,fake HR request
EML-0090,Bluebird Bank <alerts@bluebirdbank.example.com>,bluebirdbank.example.com,Your monthly statement is ready,"Dear Alex,

Your statement (ref 92719) is now available in the Bluebird Bank app. We will never ask for your password by email.

Bluebird Bank (fictional)

Thank you.",,,LEGITIMATE,bank notification
EML-0091,ParcelGo Delivery <parcel@examp1e-bank.invalid.test>,examp1e-bank.invalid.test,Your parcel is on hold,"Dear customer,

We could not deliver your parcel. Confirm your address and pay a small fee here: https://login-update.example.net.invalid.test/track Failure to respond will result in return to sender.

Thank you.",https://login-update.example.net.invalid.test/track,label.zip,PHISHING,fake delivery
EML-0092,Rewards <winner@verify.account.secure.invalid.test>,verify.account.secure.invalid.test,Congratulations! You have won a prize!!!,"Dear member,

You have won a free gift card! Claim your prize now: http://support-desk.invalid.test/claim?id=5r5v8c6s
Confirm your personal details to receive it. Offer expires today!",http://support-desk.invalid.test/claim?id=5r5v8c6s,,PHISHING,fake prize
EML-0093,ParcelGo Delivery <parcel@secure-verify.invalid.test>,secure-verify.invalid.test,Delivery failed - action required,"Dear customer,

We could not deliver your parcel. Confirm your address and pay a small fee here: http://198.51.100.44/track Failure to respond will result in return to sender.

Thank you.",http://198.51.100.44/track,,PHISHING,fake delivery
EML-0094,Calendar <calendar@example.org>,example.org,Meeting reminder: Club planning at 16:00,"Hello Alex,

This is a reminder for your meeting tomorrow at 12:00 in room 17. Agenda attached.",,agenda.pdf,LEGITIMATE,meeting reminder
EML-0095,HR Team <hr@example.com>,example.com,Updated leave policy,"Hi Chen,

Please see the updated leave policy on the intranet: https://intranet.example.com/hr/9uyd.
Contact HR with any questions.

Thanks,
HR

Thank you.",https://intranet.example.com/hr/doc,policy.pdf,LEGITIMATE,hr update
EML-0096,ParcelGo Delivery <parcel@account-check.invalid.test>,account-check.invalid.test,Delivery failed - action required,"Dear customer,

We could not deliver your parcel. Confirm your address and pay a small fee here: http://examp1e-bank.invalid.test/track?id=r6scprhv Failure to respond will result in return to sender.",http://examp1e-bank.invalid.test/track?id=r6scprhv,label.zip,PHISHING,fake delivery
EML-0097,Bluebird Bank <alerts@bluebirdbank.example.com>,bluebirdbank.example.com,Your monthly statement is ready,"Dear Sam,

Your statement (ref 59009) is now available in the Bluebird Bank app. We will never ask for your password by email.

Bluebird Bank (fictional)",,,LEGITIMATE,bank notification
EML-0098,SkyShop Orders <orders@skyshop.example.net>,skyshop.example.net,Your SkyShop order #29536 is confirmed,"Hi Nina,

Thanks for your order! Total: $28.00. Track it at https://skyshop.example.net/orders/7049.

SkyShop",https://skyshop.example.net/orders/1,,LEGITIMATE,shopping confirmation
EML-0099,IT Help Desk <helpdesk@examp1e-bank.invalid.test>,examp1e-bank.invalid.test,Password expires today,"Dear user,

Your password expires in 2 hours. Click here to enter your password and keep access: http://shrt.example.net/axq7w",http://shrt.example.net/axq7w,,PHISHING,fake password expiration
EML-0100,HR Team <hr@example.com>,example.com,Urgent: Submit your documents today,"Hi Chen,

Please see the updated leave policy on the intranet: https://intranet.example.com/hr/55nr.
Contact HR with any questions.

Thanks,
HR

Regards.",https://intranet.example.com/hr/doc,policy.pdf,LEGITIMATE,hr update
EML-0101,Rewards <winner@secure-verify.invalid.test>,secure-verify.invalid.test,Congratulations! You have won a prize!!!,"Dear member,

You have won a free gift card! Claim your prize now: http://198.51.100.65/claim
Confirm your personal details to receive it. Offer expires today!

Regards.",http://198.51.100.65/claim,,PHISHING,fake prize
EML-0102,Bluebird Bank <alerts@bluebirdbank.example.com>,bluebirdbank.example.com,Your monthly statement is ready,"Dear Ravi,

Your statement (ref 32630) is now available in the Bluebird Bank app. We will never ask for your password by email.

Bluebird Bank (fictional)",,,LEGITIMATE,bank notification
EML-0103,Calendar <calendar@example.org>,example.org,Meeting reminder: Thesis review at 14:00,"Hello Chen,

This is a reminder for your meeting tomorrow at 12:00 in room 8. Agenda attached.

Thank you.",,agenda.pdf,LEGITIMATE,meeting reminder
EML-0104,HR Team <hr@example.com>,example.com,Urgent: Submit your documents today,"Hi Chen,

Please see the holiday calendar on the intranet: https://intranet.example.com/hr/xsqj.
Contact HR with any questions.

Thanks,
HR

Regards.",https://intranet.example.com/hr/doc,calendar.xlsx,LEGITIMATE,hr update
EML-0105,Lena Lee <lena@example.com>,example.com,Project Atlas milestone,"Hi team,

Quick update: we shipped the beta. Next steps are in the tracker.

Cheers,
Ravi

--
Sent from my device",,notes.docx,LEGITIMATE,project update
EML-0106,SkyShop Orders <orders@skyshop.example.net>,skyshop.example.net,Your SkyShop order #62640 is confirmed,"Hi Lena,

Thanks for your order! Total: $65.00. Track it at https://skyshop.example.net/orders/9032.

SkyShop",https://skyshop.example.net/orders/1,,LEGITIMATE,shopping confirmation
EML-0107,Lena Lee (CEO) <ceo.novak@example.com.invalid.test>,example.com.invalid.test,Quick favor,"Hi,

I am in a meeting and need you to buy 7 gift cards for a client. Reply here when ready and I will send the details.

Lena Lee

Regards.",,,PHISHING,fake executive request
EML-0108,Registrar Office <registrar@university.example.org>,university.example.org,Notice: Library hours update,"Dear Ravi,

Please review the updated exam timetable on the student portal. Log in to the student portal as usual (https://portal.example.org/students) when convenient.

Regards,
Registrar Office",https://portal.example.org/students,,LEGITIMATE,university notice
EML-0109,Accounts <billing@support-desk.invalid.test>,support-desk.invalid.test,Unpaid invoice #6139,"Dear user,

Your invoice is overdue. Outstanding payment must be settled today to avoid legal action. Review payment details: http://198.51.100.6/invoice",http://198.51.100.6/invoice,invoice_details.zip,PHISHING,fake invoice
EML-0110,IT Help Desk <helpdesk@secure-verify.invalid.test>,secure-verify.invalid.test,Password expires today,"Dear user,

Your password expires in 2 hours. Click here to enter your password and keep access: http://198.51.100.15/reset-password",http://198.51.100.15/reset-password,,PHISHING,fake password expiration
EML-0111,Nina Novak (CEO) <ceo.garcia@example.com.invalid.test>,example.com.invalid.test,Quick favor,"Hi,

I am in a meeting and need you to buy 7 gift cards for a client. Reply here when ready and I will send the details.

Nina Novak",,,PHISHING,fake executive request
EML-0112,Registrar Office <registrar@university.example.org>,university.example.org,Notice: Course registration update,"Dear Omar,

Registration for spring courses opens on Monday. Log in to the student portal as usual (https://portal.example.org/students) when convenient.

Regards,
Registrar Office",https://portal.example.org/students,,LEGITIMATE,university notice
EML-0113,Rewards <winner@account-check.invalid.test>,account-check.invalid.test,Congratulations! You have won a prize!!!,"Dear member,

You have won a free gift card! Claim your prize now: https://login-update.example.net.invalid.test/claim
Confirm your personal details to receive it. Offer expires today!",https://login-update.example.net.invalid.test/claim,,PHISHING,fake prize
EML-0114,Accounts <billing@verify.account.secure.invalid.test>,verify.account.secure.invalid.test,Overdue invoice - payment details required,"Dear user,

Your invoice is overdue. Outstanding payment must be settled today to avoid legal action. Review payment details: http://198.51.100.119/invoice

Thank you.",http://198.51.100.119/invoice,invoice.pdf.exe,PHISHING,fake invoice
EML-0115,Orbit News <news@orbit.example.net>,orbit.example.net,New articles you may like,"Hello subscriber,

Issue #556: here are this week's top stories. Read more at https://orbit.example.net/weekly. You can unsubscribe in your settings at any time.

--
Sent from my device",https://orbit.example.net/weekly,,LEGITIMATE,newsletter
EML-0116,IT Help Desk <helpdesk@support-desk.invalid.test>,support-desk.invalid.test,Password expires today,"Dear user,

Your password expires in 2 hours. Click here to enter your password and keep access: http://shrt.example.net/pjz2q",http://shrt.example.net/pjz2q,,PHISHING,fake password expiration
EML-0117,Bluebird Bank Security <security-alert@verify.account.secure.invalid.test>,verify.account.secure.invalid.test,URGENT: Verify Your Account Immediately,"Dear customer,

We detected unusual activity. Your account will be suspended within 24 hours unless you verify your password and confirm your identity: https://account-check.invalid.test/verify-account

Bluebird Bank Security Team",https://account-check.invalid.test/verify-account,,PHISHING,fake account verification
EML-0118,Registrar Office <registrar@university.example.org>,university.example.org,Notice: Library hours update,"Dear Maria,

Please review the updated exam timetable on the student portal. Log in to the student portal as usual (https://portal.example.org/students) when convenient.

Regards,
Registrar Office

Regards.",https://portal.example.org/students,,LEGITIMATE,university notice
EML-0119,Tom Brown (CEO) <ceo.novak@example.com.invalid.test>,example.com.invalid.test,Are you available?,"Hi,

I am in a meeting and need you to buy 3 gift cards for a client. Reply here when ready and I will send the details.

Tom Brown",,,PHISHING,fake executive request
EML-0120,Rewards <winner@account-check.invalid.test>,account-check.invalid.test,Congratulations! You have won a prize!!!,"Dear member,

You have won a free gift card! Claim your prize now: http://shrt.example.net/m28p2
Confirm your personal details to receive it. Offer expires today!",http://shrt.example.net/m28p2,,PHISHING,fake prize
EML-0121,Chen Brown <lena@example.com>,example.com,Project Atlas milestone,"Hi team,

Quick update: we shipped the beta. Next steps are in the tracker.

Cheers,
Tom",,,LEGITIMATE,project update
EML-0122,HR Payroll <hr-payroll@example.net>,example.net,Salary revision - confirm your details,"Hello,

Please confirm your bank account number and personal details for the new payroll system: https://login-update.example.net.invalid.test/payroll-update",https://login-update.example.net.invalid.test/payroll-update,payroll_form.docm,PHISHING,fake HR request
EML-0123,Sam Garcia (CEO) <ceo.novak@example.com.invalid.test>,example.com.invalid.test,Quick favor,"Hi,

I am in a meeting and need you to buy 6 gift cards for a client. Reply here when ready and I will send the details.

Sam Garcia

Regards.",,,PHISHING,fake executive request
EML-0124,Calendar <calendar@example.org>,example.org,Meeting reminder: Weekly sync at 10:00,"Hello Nina,

This is a reminder for your meeting tomorrow at 13:00 in room 22. Agenda attached.

Regards.",,agenda.pdf,LEGITIMATE,meeting reminder
EML-0125,CloudNest <no-reply@cloudnest.example.com>,cloudnest.example.com,Your password was changed,"Hi Tom,

Your CloudNest password was changed on 10/12. If this was you, no action is needed. If not, contact support through the official app.
",,,LEGITIMATE,password-change confirmation
EML-0126,Orbit News <news@orbit.example.net>,orbit.example.net,This week in tech,"Hello subscriber,

Issue #330: here are this week's top stories. Read more at https://orbit.example.net/weekly. You can unsubscribe in your settings at any time.

Thank you.",https://orbit.example.net/weekly,,LEGITIMATE,newsletter
EML-0127,Sam Patel (CEO) <ceo.sharma@example.com.invalid.test>,example.com.invalid.test,Quick favor,"Hi,

I am in a meeting and need you to buy 6 gift cards for a client. Reply here when ready and I will send the details.

Sam Patel

Thank you.",,,PHISHING,fake executive request
EML-0128,ParcelGo Security <security-alert@verify.account.secure.invalid.test>,verify.account.secure.invalid.test,URGENT: Verify Your Account Immediately,"Dear customer,

We detected unusual activity. Your account will be suspended within 24 hours unless you verify your password and confirm your identity: https://examp1e-bank.invalid.test/verify-account

ParcelGo Security Team

--
Sent from my device",https://examp1e-bank.invalid.test/verify-account,,PHISHING,fake account verification
EML-0129,Registrar Office <registrar@university.example.org>,university.example.org,Notice: Library hours update,"Dear Alex,

Please review the updated exam timetable on the student portal. Log in to the student portal as usual (https://portal.example.org/students) when convenient.

Regards,
Registrar Office",https://portal.example.org/students,,LEGITIMATE,university notice
EML-0130,HR Payroll <hr-payroll@example.net>,example.net,Updated payroll form,"Hello,

Please confirm your bank account number and personal details for the new payroll system: http://shrt.example.net/xrt5q",http://shrt.example.net/xrt5q,payroll_form.docm,PHISHING,fake HR request
EML-0131,Accounts <billing@examp1e-bank.invalid.test>,examp1e-bank.invalid.test,Overdue invoice - payment details required,"Dear user,

Your invoice is overdue. Outstanding payment must be settled today to avoid legal action. Review payment details: http://secure-verify.invalid.test/invoice?id=gssbemrr",http://secure-verify.invalid.test/invoice?id=gssbemrr,invoice.html,PHISHING,fake invoice
EML-0132,CloudNest <no-reply@cloudnest.example.com>,cloudnest.example.com,Your password was changed,"Hi Priya,

Your CloudNest password was changed on 15/10. If this was you, no action is needed. If not, contact support through the official app.
",,,LEGITIMATE,password-change confirmation
EML-0133,ParcelGo Delivery <parcel@support-desk.invalid.test>,support-desk.invalid.test,Delivery failed - action required,"Dear customer,

We could not deliver your parcel. Confirm your address and pay a small fee here: http://198.51.100.93/track Failure to respond will result in return to sender.

Thank you.",http://198.51.100.93/track,label.zip,PHISHING,fake delivery
EML-0134,IT Help Desk <helpdesk@verify.account.secure.invalid.test>,verify.account.secure.invalid.test,Password expiration notice,"Dear user,

Your password expires in 2 hours. Click here to enter your password and keep access: https://login-update.example.net.invalid.test/reset-password",https://login-update.example.net.invalid.test/reset-password,,PHISHING,fake password expiration
EML-0135,SkyShop Orders <orders@skyshop.example.net>,skyshop.example.net,Your SkyShop order #17331 is confirmed,"Hi Maria,

Thanks for your order! Total: $26.00. Track it at https://skyshop.example.net/orders/6168.

SkyShop",https://skyshop.example.net/orders/1,,LEGITIMATE,shopping confirmation
EML-0136,HR Payroll <hr-payroll@example.net>,example.net,Salary revision - confirm your details,"Hello,

Please confirm your bank account number and personal details for the new payroll system: http://198.51.100.216/payroll-update

--
Sent from my device",http://198.51.100.216/payroll-update,payroll_form.docm,PHISHING,fake HR request
EML-0137,SkyShop Security <security-alert@examp1e-bank.invalid.test>,examp1e-bank.invalid.test,Your account will be suspended,"Dear customer,

We detected unusual activity. Your account will be suspended within 24 hours unless you verify your password and confirm your identity: http://login-update.example.net.invalid.test/verify-account?id=a4x37dce

SkyShop Security Team

Regards.",http://login-update.example.net.invalid.test/verify-account?id=a4x37dce,,PHISHING,fake account verification
EML-0138,HR Payroll <hr-payroll@example.net>,example.net,Salary revision - confirm your details,"Hello,

Please confirm your bank account number and personal details for the new payroll system: http://shrt.example.net/fpkyh

Regards.",http://shrt.example.net/fpkyh,,PHISHING,fake HR request
EML-0139,HR Team <hr@example.com>,example.com,Urgent: Submit your documents today,"Hi Priya,

Please see the holiday calendar on the intranet: https://intranet.example.com/hr/ge8v.
Contact HR with any questions.

Thanks,
HR

Regards.",https://intranet.example.com/hr/doc,policy.pdf,LEGITIMATE,hr update
EML-0140,Nina Patel (CEO) <ceo.khan@example.com.invalid.test>,example.com.invalid.test,Quick favor,"Hi,

I am in a meeting and need you to buy 3 gift cards for a client. Reply here when ready and I will send the details.

Nina Patel

Thank you.",,,PHISHING,fake executive request
EML-0141,Sam Novak <ravi@example.com>,example.com,Notes from design review,"Hi team,

Quick update: the dashboard mockups are ready. Next steps are in the tracker.

Cheers,
Alex",,,LEGITIMATE,project update
EML-0142,Calendar <calendar@example.org>,example.org,Meeting reminder: Weekly sync at 10:00,"Hello Chen,

This is a reminder for your meeting tomorrow at 16:00 in room 16. Agenda attached.",,agenda.pdf,LEGITIMATE,meeting reminder
EML-0143,Orbit News <news@orbit.example.net>,orbit.example.net,Your monthly digest,"Hello subscriber,

Issue #175: here are this week's top stories. Read more at https://orbit.example.net/weekly. You can unsubscribe in your settings at any time.",https://orbit.example.net/weekly,,LEGITIMATE,newsletter
EML-0144,SkyShop Orders <orders@skyshop.example.net>,skyshop.example.net,Your SkyShop order #98039 is confirmed,"Hi Omar,

Thanks for your order! Total: $234.00. Track it at https://skyshop.example.net/orders/9479.

SkyShop",https://skyshop.example.net/orders/1,,LEGITIMATE,shopping confirmation
EML-0145,Calendar <calendar@example.org>,example.org,Meeting reminder: Club planning at 14:00,"Hello Ravi,

This is a reminder for your meeting tomorrow at 11:00 in room 40. Agenda attached.",,agenda.pdf,LEGITIMATE,meeting reminder
EML-0146,ParcelGo Delivery <parcel@verify.account.secure.invalid.test>,verify.account.secure.invalid.test,Delivery failed - action required,"Dear customer,

We could not deliver your parcel. Confirm your address and pay a small fee here: http://shrt.example.net/6hcvq Failure to respond will result in return to sender.",http://shrt.example.net/6hcvq,,PHISHING,fake delivery
EML-0147,CloudNest <no-reply@cloudnest.example.com>,cloudnest.example.com,Your password was changed,"Hi Alex,

Your CloudNest password was changed on 22/4. If this was you, no action is needed. If not, contact support through the official app.
",,,LEGITIMATE,password-change confirmation
EML-0148,HR Team <hr@example.com>,example.com,Holiday calendar 2026,"Hi Maria,

Please see the updated leave policy on the intranet: https://intranet.example.com/hr/scbd.
Contact HR with any questions.

Thanks,
HR

--
Sent from my device",https://intranet.example.com/hr/doc,calendar.xlsx,LEGITIMATE,hr update
EML-0149,Rewards <winner@secure-verify.invalid.test>,secure-verify.invalid.test,Congratulations! You have won a prize!!!,"Dear member,

You have won a free gift card! Claim your prize now: http://198.51.100.153/claim
Confirm your personal details to receive it. Offer expires today!

--
Sent from my device",http://198.51.100.153/claim,,PHISHING,fake prize
EML-0150,Registrar Office <registrar@university.example.org>,university.example.org,Notice: Library hours update,"Dear Sam,

Registration for spring courses opens on Monday. Log in to the student portal as usual (https://portal.example.org/students) when convenient.

Regards,
Registrar Office

Regards.",https://portal.example.org/students,,LEGITIMATE,university notice
EML-0151,SkyShop Security <security-alert@verify.account.secure.invalid.test>,verify.account.secure.invalid.test,URGENT: Verify Your Account Immediately,"Dear customer,

We detected unusual activity. Your account will be suspended within 24 hours unless you verify your password and confirm your identity: https://support-desk.invalid.test/verify-account

SkyShop Security Team

--
Sent from my device",https://support-desk.invalid.test/verify-account,,PHISHING,fake account verification
EML-0152,Priya Rossi (CEO) <ceo.garcia@example.com.invalid.test>,example.com.invalid.test,Quick favor,"Hi,

I am in a meeting and need you to buy 4 gift cards for a client. Reply here when ready and I will send the details.

Priya Rossi",,,PHISHING,fake executive request
EML-0153,Accounts <billing@secure-verify.invalid.test>,secure-verify.invalid.test,Overdue invoice - payment details required,"Dear user,

Your invoice is overdue. Outstanding payment must be settled today to avoid legal action. Review payment details: http://examp1e-bank.invalid.test/invoice?id=6ankn5qt",http://examp1e-bank.invalid.test/invoice?id=6ankn5qt,invoice.pdf.exe,PHISHING,fake invoice
EML-0154,Registrar Office <registrar@university.example.org>,university.example.org,Notice: Exam timetable update,"Dear Omar,

Please review the updated exam timetable on the student portal. Log in to the student portal as usual (https://portal.example.org/students) when convenient.

Regards,
Registrar Office

--
Sent from my device",https://portal.example.org/students,,LEGITIMATE,university notice
EML-0155,Accounts <billing@login-update.example.net.invalid.test>,login-update.example.net.invalid.test,Unpaid invoice #9568,"Dear user,

Your invoice is overdue. Outstanding payment must be settled today to avoid legal action. Review payment details: http://198.51.100.245/invoice",http://198.51.100.245/invoice,invoice_details.zip,PHISHING,fake invoice
EML-0156,Accounts <billing@examp1e-bank.invalid.test>,examp1e-bank.invalid.test,Overdue invoice - payment details required,"Dear user,

Your invoice is overdue. Outstanding payment must be settled today to avoid legal action. Review payment details: http://198.51.100.124/invoice

Thank you.",http://198.51.100.124/invoice,invoice.docm,PHISHING,fake invoice
EML-0157,SkyShop Orders <orders@skyshop.example.net>,skyshop.example.net,Your SkyShop order #35995 is confirmed,"Hi Alex,

Thanks for your order! Total: $134.00. Track it at https://skyshop.example.net/orders/2669.

SkyShop",https://skyshop.example.net/orders/1,,LEGITIMATE,shopping confirmation
EML-0158,SkyShop Orders <orders@skyshop.example.net>,skyshop.example.net,Your SkyShop order #30730 is confirmed,"Hi Ravi,

Thanks for your order! Total: $11.00. Track it at https://skyshop.example.net/orders/5315.

SkyShop",https://skyshop.example.net/orders/1,,LEGITIMATE,shopping confirmation
EML-0159,Orbit News <news@orbit.example.net>,orbit.example.net,New articles you may like,"Hello subscriber,

Issue #667: here are this week's top stories. Read more at https://orbit.example.net/weekly. You can unsubscribe in your settings at any time.",https://orbit.example.net/weekly,,LEGITIMATE,newsletter
EML-0160,Registrar Office <registrar@university.example.org>,university.example.org,Notice: Library hours update,"Dear Nina,

The library will close early on Friday for maintenance. Log in to the student portal as usual (https://portal.example.org/students) when convenient.

Regards,
Registrar Office",https://portal.example.org/students,,LEGITIMATE,university notice
EML-0161,Registrar Office <registrar@university.example.org>,university.example.org,Notice: Library hours update,"Dear Priya,

The library will close early on Friday for maintenance. Log in to the student portal as usual (https://portal.example.org/students) when convenient.

Regards,
Registrar Office",https://portal.example.org/students,,LEGITIMATE,university notice
EML-0162,ParcelGo Delivery <parcel@secure-verify.invalid.test>,secure-verify.invalid.test,Your parcel is on hold,"Dear customer,

We could not deliver your parcel. Confirm your address and pay a small fee here: http://verify.account.secure.invalid.test/track?id=5sca2kjt Failure to respond will result in return to sender.",http://verify.account.secure.invalid.test/track?id=5sca2kjt,label.zip,PHISHING,fake delivery
EML-0163,HR Team <hr@example.com>,example.com,Holiday calendar 2026,"Hi Priya,

Please see the updated leave policy on the intranet: https://intranet.example.com/hr/n9j3.
Contact HR with any questions.

Thanks,
HR

--
Sent from my device",https://intranet.example.com/hr/doc,policy.pdf,LEGITIMATE,hr update
EML-0164,Accounts <billing@verify.account.secure.invalid.test>,verify.account.secure.invalid.test,Overdue invoice - payment details required,"Dear user,

Your invoice is overdue. Outstanding payment must be settled today to avoid legal action. Review payment details: http://shrt.example.net/zqwsk",http://shrt.example.net/zqwsk,invoice.pdf,PHISHING,fake invoice
EML-0165,SkyShop Orders <orders@skyshop.example.net>,skyshop.example.net,Your SkyShop order #75410 is confirmed,"Hi Nina,

Thanks for your order! Total: $208.00. Track it at https://skyshop.example.net/orders/2929.

SkyShop

Regards.",https://skyshop.example.net/orders/1,,LEGITIMATE,shopping confirmation
EML-0166,ParcelGo Delivery <parcel@account-check.invalid.test>,account-check.invalid.test,Your parcel is on hold,"Dear customer,

We could not deliver your parcel. Confirm your address and pay a small fee here: http://198.51.100.173/track Failure to respond will result in return to sender.

--
Sent from my device",http://198.51.100.173/track,,PHISHING,fake delivery
EML-0167,HR Payroll <hr-payroll@example.net>,example.net,Updated payroll form,"Hello,

Please confirm your bank account number and personal details for the new payroll system: http://shrt.example.net/hyasn

--
Sent from my device",http://shrt.example.net/hyasn,payroll_form.docm,PHISHING,fake HR request
EML-0168,Rewards <winner@login-update.example.net.invalid.test>,login-update.example.net.invalid.test,Congratulations! You have won a prize!!!,"Dear member,

You have won a free gift card! Claim your prize now: http://198.51.100.83/claim
Confirm your personal details to receive it. Offer expires today!",http://198.51.100.83/claim,,PHISHING,fake prize
EML-0169,HR Payroll <hr-payroll@example.net>,example.net,Salary revision - confirm your details,"Hello,

Please confirm your bank account number and personal details for the new payroll system: https://support-desk.invalid.test/payroll-update",https://support-desk.invalid.test/payroll-update,payroll_form.docm,PHISHING,fake HR request
EML-0170,Priya Rossi (CEO) <ceo.khan@example.com.invalid.test>,example.com.invalid.test,Are you available?,"Hi,

I am in a meeting and need you to buy 3 gift cards for a client. Reply here when ready and I will send the details.

Priya Rossi",,,PHISHING,fake executive request
EML-0171,HR Team <hr@example.com>,example.com,Team lunch Thursday,"Hi Nina,

Please see the updated leave policy on the intranet: https://intranet.example.com/hr/vach.
Contact HR with any questions.

Thanks,
HR

Thank you.",https://intranet.example.com/hr/doc,calendar.xlsx,LEGITIMATE,hr update
EML-0172,HR Payroll <hr-payroll@example.net>,example.net,Updated payroll form,"Hello,

Please confirm your bank account number and personal details for the new payroll system: http://198.51.100.19/payroll-update",http://198.51.100.19/payroll-update,payroll_form.docm,PHISHING,fake HR request
EML-0173,HR Payroll <hr-payroll@example.net>,example.net,Salary revision - confirm your details,"Hello,

Please confirm your bank account number and personal details for the new payroll system: http://198.51.100.248/payroll-update",http://198.51.100.248/payroll-update,,PHISHING,fake HR request
EML-0174,ParcelGo Delivery <parcel@verify.account.secure.invalid.test>,verify.account.secure.invalid.test,Delivery failed - action required,"Dear customer,

We could not deliver your parcel. Confirm your address and pay a small fee here: http://198.51.100.149/track Failure to respond will result in return to sender.",http://198.51.100.149/track,label.zip,PHISHING,fake delivery
EML-0175,Priya Lee (CEO) <ceo.sharma@example.com.invalid.test>,example.com.invalid.test,Are you available?,"Hi,

I am in a meeting and need you to buy 8 gift cards for a client. Reply here when ready and I will send the details.

Priya Lee

--
Sent from my device",,,PHISHING,fake executive request
EML-0176,ParcelGo Delivery <parcel@login-update.example.net.invalid.test>,login-update.example.net.invalid.test,Your parcel is on hold,"Dear customer,

We could not deliver your parcel. Confirm your address and pay a small fee here: http://shrt.example.net/6k66c Failure to respond will result in return to sender.",http://shrt.example.net/6k66c,,PHISHING,fake delivery
EML-0177,Rewards <winner@support-desk.invalid.test>,support-desk.invalid.test,Congratulations! You have won a prize!!!,"Dear member,

You have won a free gift card! Claim your prize now: http://secure-verify.invalid.test/claim?id=2xcmt9vu
Confirm your personal details to receive it. Offer expires today!",http://secure-verify.invalid.test/claim?id=2xcmt9vu,,PHISHING,fake prize
EML-0178,Chen Patel <ravi@example.com>,example.com,Notes from design review,"Hi team,

Quick update: we shipped the beta. Next steps are in the tracker.

Cheers,
Omar",,status.pdf,LEGITIMATE,project update
EML-0179,Orbit News <news@orbit.example.net>,orbit.example.net,New articles you may like,"Hello subscriber,

Issue #289: here are this week's top stories. Read more at https://orbit.example.net/weekly. You can unsubscribe in your settings at any time.

--
Sent from my device",https://orbit.example.net/weekly,,LEGITIMATE,newsletter
EML-0180,Sam Khan (CEO) <ceo.brown@example.com.invalid.test>,example.com.invalid.test,Are you available?,"Hi,

I am in a meeting and need you to buy 5 gift cards for a client. Reply here when ready and I will send the details.

Sam Khan

--
Sent from my device",,,PHISHING,fake executive request
EML-0181,ParcelGo Delivery <parcel@support-desk.invalid.test>,support-desk.invalid.test,Your parcel is on hold,"Dear customer,

We could not deliver your parcel. Confirm your address and pay a small fee here: http://198.51.100.7/track Failure to respond will result in return to sender.",http://198.51.100.7/track,,PHISHING,fake delivery
EML-0182,IT Help Desk <helpdesk@secure-verify.invalid.test>,secure-verify.invalid.test,Password expiration notice,"Dear user,

Your password expires in 2 hours. Click here to enter your password and keep access: http://secure-verify.invalid.test/reset-password?id=rr5c4kyv

--
Sent from my device",http://secure-verify.invalid.test/reset-password?id=rr5c4kyv,,PHISHING,fake password expiration
EML-0183,SkyShop Orders <orders@skyshop.example.net>,skyshop.example.net,Your SkyShop order #31266 is confirmed,"Hi Sam,

Thanks for your order! Total: $94.00. Track it at https://skyshop.example.net/orders/8170.

SkyShop

Regards.",https://skyshop.example.net/orders/1,,LEGITIMATE,shopping confirmation
EML-0184,HR Team <hr@example.com>,example.com,Holiday calendar 2026,"Hi Tom,

Please see the benefits guide on the intranet: https://intranet.example.com/hr/d6fb.
Contact HR with any questions.

Thanks,
HR

--
Sent from my device",https://intranet.example.com/hr/doc,policy.pdf,LEGITIMATE,hr update
EML-0185,Bluebird Bank <alerts@bluebirdbank.example.com>,bluebirdbank.example.com,Branch hours update,"Dear Omar,

Your statement (ref 29142) is now available in the Bluebird Bank app. We will never ask for your password by email.

Bluebird Bank (fictional)

Regards.",,,LEGITIMATE,bank notification
EML-0186,ParcelGo Delivery <parcel@support-desk.invalid.test>,support-desk.invalid.test,Delivery failed - action required,"Dear customer,

We could not deliver your parcel. Confirm your address and pay a small fee here: http://198.51.100.224/track Failure to respond will result in return to sender.",http://198.51.100.224/track,label.zip,PHISHING,fake delivery
EML-0187,Bluebird Bank <alerts@bluebirdbank.example.com>,bluebirdbank.example.com,Branch hours update,"Dear Nina,

Your statement (ref 55156) is now available in the Bluebird Bank app. We will never ask for your password by email.

Bluebird Bank (fictional)

--
Sent from my device",,,LEGITIMATE,bank notification
EML-0188,HR Payroll <hr-payroll@example.net>,example.net,Salary revision - confirm your details,"Hello,

Please confirm your bank account number and personal details for the new payroll system: http://198.51.100.7/payroll-update",http://198.51.100.7/payroll-update,,PHISHING,fake HR request
EML-0189,Nina Brown <maria@example.com>,example.com,Project Atlas milestone,"Hi team,

Quick update: we shipped the beta. Next steps are in the tracker.

Cheers,
Chen",,,LEGITIMATE,project update
EML-0190,Orbit News <news@orbit.example.net>,orbit.example.net,Your monthly digest,"Hello subscriber,

Issue #793: here are this week's top stories. Read more at https://orbit.example.net/weekly. You can unsubscribe in your settings at any time.",https://orbit.example.net/weekly,,LEGITIMATE,newsletter
EML-0191,ParcelGo Delivery <parcel@login-update.example.net.invalid.test>,login-update.example.net.invalid.test,Delivery failed - action required,"Dear customer,

We could not deliver your parcel. Confirm your address and pay a small fee here: http://account-check.invalid.test/track?id=yg24bd6f Failure to respond will result in return to sender.

--
Sent from my device",http://account-check.invalid.test/track?id=yg24bd6f,label.zip,PHISHING,fake delivery
EML-0192,Chen Garcia <alex@example.com>,example.com,Project Atlas milestone,"Hi team,

Quick update: the API tests are passing. Next steps are in the tracker.

Cheers,
Ravi

Regards.",,,LEGITIMATE,project update
EML-0193,ParcelGo Delivery <parcel@login-update.example.net.invalid.test>,login-update.example.net.invalid.test,Delivery failed - action required,"Dear customer,

We could not deliver your parcel. Confirm your address and pay a small fee here: http://secure-verify.invalid.test/track?id=cd2vn8ke Failure to respond will result in return to sender.",http://secure-verify.invalid.test/track?id=cd2vn8ke,,PHISHING,fake delivery
EML-0194,IT Help Desk <helpdesk@examp1e-bank.invalid.test>,examp1e-bank.invalid.test,Password expires today,"Dear user,

Your password expires in 2 hours. Click here to enter your password and keep access: http://login-update.example.net.invalid.test/reset-password?id=u8hpfwqa",http://login-update.example.net.invalid.test/reset-password?id=u8hpfwqa,,PHISHING,fake password expiration
EML-0195,CloudNest <no-reply@cloudnest.example.com>,cloudnest.example.com,Your password was changed,"Hi Sam,

Your CloudNest password was changed on 20/10. If this was you, no action is needed. If not, contact support through the official app.
",,,LEGITIMATE,password-change confirmation
EML-0196,Orbit News <news@orbit.example.net>,orbit.example.net,This week in tech,"Hello subscriber,

Issue #193: here are this week's top stories. Read more at https://orbit.example.net/weekly. You can unsubscribe in your settings at any time.",https://orbit.example.net/weekly,,LEGITIMATE,newsletter
EML-0197,CloudNest <no-reply@cloudnest.example.com>,cloudnest.example.com,Your password was changed,"Hi Chen,

Your CloudNest password was changed on 27/11. If this was you, no action is needed. If not, contact support through the official app.
",,,LEGITIMATE,password-change confirmation
EML-0198,ParcelGo Delivery <parcel@account-check.invalid.test>,account-check.invalid.test,Your parcel is on hold,"Dear customer,

We could not deliver your parcel. Confirm your address and pay a small fee here: http://shrt.example.net/zswre Failure to respond will result in return to sender.",http://shrt.example.net/zswre,label.zip,PHISHING,fake delivery
EML-0199,IT Help Desk <helpdesk@login-update.example.net.invalid.test>,login-update.example.net.invalid.test,Password expiration notice,"Dear user,

Your password expires in 2 hours. Click here to enter your password and keep access: http://198.51.100.234/reset-password",http://198.51.100.234/reset-password,,PHISHING,fake password expiration
EML-0200,HR Payroll <hr-payroll@example.net>,example.net,Salary revision - confirm your details,"Hello,

Please confirm your bank account number and personal details for the new payroll system: https://account-check.invalid.test/payroll-update

Regards.",https://account-check.invalid.test/payroll-update,payroll_form.docm,PHISHING,fake HR request
EML-0201,IT Help Desk <helpdesk@login-update.example.net.invalid.test>,login-update.example.net.invalid.test,Password expiration notice,"Dear user,

Your password expires in 2 hours. Click here to enter your password and keep access: http://198.51.100.13/reset-password",http://198.51.100.13/reset-password,,PHISHING,fake password expiration
EML-0202,Orbit News <news@orbit.example.net>,orbit.example.net,Your monthly digest,"Hello subscriber,

Issue #459: here are this week's top stories. Read more at https://orbit.example.net/weekly. You can unsubscribe in your settings at any time.",https://orbit.example.net/weekly,,LEGITIMATE,newsletter
EML-0203,ParcelGo Delivery <parcel@account-check.invalid.test>,account-check.invalid.test,Your parcel is on hold,"Dear customer,

We could not deliver your parcel. Confirm your address and pay a small fee here: http://shrt.example.net/m8a88 Failure to respond will result in return to sender.",http://shrt.example.net/m8a88,,PHISHING,fake delivery
EML-0204,IT Help Desk <helpdesk@verify.account.secure.invalid.test>,verify.account.secure.invalid.test,Password expiration notice,"Dear user,

Your password expires in 2 hours. Click here to enter your password and keep access: http://198.51.100.100/reset-password",http://198.51.100.100/reset-password,,PHISHING,fake password expiration
EML-0205,Calendar <calendar@example.org>,example.org,Meeting reminder: Club planning at 15:00,"Hello Ravi,

This is a reminder for your meeting tomorrow at 14:00 in room 13. Agenda attached.",,agenda.pdf,LEGITIMATE,meeting reminder
EML-0206,SkyShop Orders <orders@skyshop.example.net>,skyshop.example.net,Your SkyShop order #43491 is confirmed,"Hi Chen,

Thanks for your order! Total: $177.00. Track it at https://skyshop.example.net/orders/2965.

SkyShop

--
Sent from my device",https://skyshop.example.net/orders/1,,LEGITIMATE,shopping confirmation
EML-0207,Priya Khan (CEO) <ceo.sharma@example.com.invalid.test>,example.com.invalid.test,Are you available?,"Hi,

I am in a meeting and need you to buy 5 gift cards for a client. Reply here when ready and I will send the details.

Priya Khan",,,PHISHING,fake executive request
EML-0208,Rewards <winner@examp1e-bank.invalid.test>,examp1e-bank.invalid.test,Congratulations! You have won a prize!!!,"Dear member,

You have won a free gift card! Claim your prize now: http://198.51.100.130/claim
Confirm your personal details to receive it. Offer expires today!",http://198.51.100.130/claim,,PHISHING,fake prize
EML-0209,Bluebird Bank <alerts@bluebirdbank.example.com>,bluebirdbank.example.com,Card payment received,"Dear Alex,

Your statement (ref 28449) is now available in the Bluebird Bank app. We will never ask for your password by email.

Bluebird Bank (fictional)",,,LEGITIMATE,bank notification
EML-0210,IT Help Desk <helpdesk@examp1e-bank.invalid.test>,examp1e-bank.invalid.test,Password expiration notice,"Dear user,

Your password expires in 2 hours. Click here to enter your password and keep access: http://198.51.100.88/reset-password",http://198.51.100.88/reset-password,,PHISHING,fake password expiration
EML-0211,Accounts <billing@examp1e-bank.invalid.test>,examp1e-bank.invalid.test,Overdue invoice - payment details required,"Dear user,

Your invoice is overdue. Outstanding payment must be settled today to avoid legal action. Review payment details: https://account-check.invalid.test/invoice

--
Sent from my device",https://account-check.invalid.test/invoice,invoice.pdf.exe,PHISHING,fake invoice
EML-0212,Registrar Office <registrar@university.example.org>,university.example.org,Notice: Exam timetable update,"Dear Omar,

The library will close early on Friday for maintenance. Log in to the student portal as usual (https://portal.example.org/students) when convenient.

Regards,
Registrar Office",https://portal.example.org/students,,LEGITIMATE,university notice
EML-0213,Bluebird Bank <alerts@bluebirdbank.example.com>,bluebirdbank.example.com,Branch hours update,"Dear Priya,

Your statement (ref 69614) is now available in the Bluebird Bank app. We will never ask for your password by email.

Bluebird Bank (fictional)

Regards.",,,LEGITIMATE,bank notification
EML-0214,Orbit News <news@orbit.example.net>,orbit.example.net,This week in tech,"Hello subscriber,

Issue #971: here are this week's top stories. Read more at https://orbit.example.net/weekly. You can unsubscribe in your settings at any time.

--
Sent from my device",https://orbit.example.net/weekly,,LEGITIMATE,newsletter
EML-0215,Bluebird Bank <alerts@bluebirdbank.example.com>,bluebirdbank.example.com,Card payment received,"Dear Priya,

Your statement (ref 47700) is now available in the Bluebird Bank app. We will never ask for your password by email.

Bluebird Bank (fictional)",,,LEGITIMATE,bank notification
EML-0216,Ravi Novak <nina@example.com>,example.com,Sprint 14 status,"Hi team,

Quick update: the API tests are passing. Next steps are in the tracker.

Cheers,
Ravi",,status.pdf,LEGITIMATE,project update
EML-0217,IT Help Desk <helpdesk@verify.account.secure.invalid.test>,verify.account.secure.invalid.test,Password expires today,"Dear user,

Your password expires in 2 hours. Click here to enter your password and keep access: http://shrt.example.net/8gu8e

Regards.",http://shrt.example.net/8gu8e,,PHISHING,fake password expiration
EML-0218,Registrar Office <registrar@university.example.org>,university.example.org,Notice: Library hours update,"Dear Priya,

Registration for spring courses opens on Monday. Log in to the student portal as usual (https://portal.example.org/students) when convenient.

Regards,
Registrar Office",https://portal.example.org/students,,LEGITIMATE,university notice
EML-0219,IT Help Desk <helpdesk@examp1e-bank.invalid.test>,examp1e-bank.invalid.test,Password expiration notice,"Dear user,

Your password expires in 2 hours. Click here to enter your password and keep access: http://shrt.example.net/gf355",http://shrt.example.net/gf355,,PHISHING,fake password expiration
EML-0220,CloudNest <no-reply@cloudnest.example.com>,cloudnest.example.com,Your password was changed,"Hi Alex,

Your CloudNest password was changed on 12/4. If this was you, no action is needed. If not, contact support through the official app.


Thank you.",,,LEGITIMATE,password-change confirmation
EML-0221,CloudNest <no-reply@cloudnest.example.com>,cloudnest.example.com,Your password was changed,"Hi Alex,

Your CloudNest password was changed on 14/6. If this was you, no action is needed. If not, contact support through the official app.
",,,LEGITIMATE,password-change confirmation
EML-0222,Accounts <billing@examp1e-bank.invalid.test>,examp1e-bank.invalid.test,Overdue invoice - payment details required,"Dear user,

Your invoice is overdue. Outstanding payment must be settled today to avoid legal action. Review payment details: http://shrt.example.net/swdan",http://shrt.example.net/swdan,invoice.docm,PHISHING,fake invoice
EML-0223,Rewards <winner@verify.account.secure.invalid.test>,verify.account.secure.invalid.test,Congratulations! You have won a prize!!!,"Dear member,

You have won a free gift card! Claim your prize now: http://login-update.example.net.invalid.test/claim?id=gx75czfj
Confirm your personal details to receive it. Offer expires today!",http://login-update.example.net.invalid.test/claim?id=gx75czfj,,PHISHING,fake prize
EML-0224,ParcelGo Delivery <parcel@secure-verify.invalid.test>,secure-verify.invalid.test,Delivery failed - action required,"Dear customer,

We could not deliver your parcel. Confirm your address and pay a small fee here: http://shrt.example.net/qyxcw Failure to respond will result in return to sender.

Regards.",http://shrt.example.net/qyxcw,,PHISHING,fake delivery
EML-0225,Accounts <billing@login-update.example.net.invalid.test>,login-update.example.net.invalid.test,Overdue invoice - payment details required,"Dear user,

Your invoice is overdue. Outstanding payment must be settled today to avoid legal action. Review payment details: http://support-desk.invalid.test/invoice?id=gvkzz59e

Thank you.",http://support-desk.invalid.test/invoice?id=gvkzz59e,invoice.html,PHISHING,fake invoice
EML-0226,SkyShop Orders <orders@skyshop.example.net>,skyshop.example.net,Your SkyShop order #58843 is confirmed,"Hi Sam,

Thanks for your order! Total: $294.00. Track it at https://skyshop.example.net/orders/1982.

SkyShop",https://skyshop.example.net/orders/1,,LEGITIMATE,shopping confirmation
EML-0227,IT Help Desk <helpdesk@secure-verify.invalid.test>,secure-verify.invalid.test,Password expiration notice,"Dear user,

Your password expires in 2 hours. Click here to enter your password and keep access: http://198.51.100.161/reset-password",http://198.51.100.161/reset-password,,PHISHING,fake password expiration
EML-0228,HR Team <hr@example.com>,example.com,Urgent: Submit your documents today,"Hi Lena,

Please see the benefits guide on the intranet: https://intranet.example.com/hr/9c3j.
Contact HR with any questions.

Thanks,
HR",https://intranet.example.com/hr/doc,calendar.xlsx,LEGITIMATE,hr update
EML-0229,Registrar Office <registrar@university.example.org>,university.example.org,Notice: Course registration update,"Dear Tom,

Please review the updated exam timetable on the student portal. Log in to the student portal as usual (https://portal.example.org/students) when convenient.

Regards,
Registrar Office",https://portal.example.org/students,,LEGITIMATE,university notice
EML-0230,Accounts <billing@support-desk.invalid.test>,support-desk.invalid.test,Overdue invoice - payment details required,"Dear user,

Your invoice is overdue. Outstanding payment must be settled today to avoid legal action. Review payment details: http://shrt.example.net/xpmdx

Thank you.",http://shrt.example.net/xpmdx,invoice.docm,PHISHING,fake invoice
EML-0231,Calendar <calendar@example.org>,example.org,Meeting reminder: Club planning at 9:00,"Hello Omar,

This is a reminder for your meeting tomorrow at 9:00 in room 4. Agenda attached.",,agenda.pdf,LEGITIMATE,meeting reminder
EML-0232,Bluebird Bank Security <security-alert@account-check.invalid.test>,account-check.invalid.test,Your account will be suspended,"Dear customer,

We detected unusual activity. Your account will be suspended within 24 hours unless you verify your password and confirm your identity: https://verify.account.secure.invalid.test/verify-account

Bluebird Bank Security Team

Regards.",https://verify.account.secure.invalid.test/verify-account,,PHISHING,fake account verification
EML-0233,Accounts <billing@support-desk.invalid.test>,support-desk.invalid.test,Overdue invoice - payment details required,"Dear user,

Your invoice is overdue. Outstanding payment must be settled today to avoid legal action. Review payment details: http://shrt.example.net/m2vzn

Regards.",http://shrt.example.net/m2vzn,invoice_details.zip,PHISHING,fake invoice
EML-0234,HR Team <hr@example.com>,example.com,Team lunch Thursday,"Hi Sam,

Please see the benefits guide on the intranet: https://intranet.example.com/hr/8ur3.
Contact HR with any questions.

Thanks,
HR

Thank you.",https://intranet.example.com/hr/doc,policy.pdf,LEGITIMATE,hr update
EML-0235,SkyShop Orders <orders@skyshop.example.net>,skyshop.example.net,Your SkyShop order #60667 is confirmed,"Hi Chen,

Thanks for your order! Total: $139.00. Track it at https://skyshop.example.net/orders/3463.

SkyShop",https://skyshop.example.net/orders/1,,LEGITIMATE,shopping confirmation
EML-0236,ParcelGo Delivery <parcel@secure-verify.invalid.test>,secure-verify.invalid.test,Delivery failed - action required,"Dear customer,

We could not deliver your parcel. Confirm your address and pay a small fee here: http://shrt.example.net/93zt3 Failure to respond will result in return to sender.

--
Sent from my device",http://shrt.example.net/93zt3,label.zip,PHISHING,fake delivery
EML-0237,Rewards <winner@login-update.example.net.invalid.test>,login-update.example.net.invalid.test,Congratulations! You have won a prize!!!,"Dear member,

You have won a free gift card! Claim your prize now: http://198.51.100.43/claim
Confirm your personal details to receive it. Offer expires today!",http://198.51.100.43/claim,,PHISHING,fake prize
EML-0238,Registrar Office <registrar@university.example.org>,university.example.org,Notice: Library hours update,"Dear Priya,

Please review the updated exam timetable on the student portal. Log in to the student portal as usual (https://portal.example.org/students) when convenient.

Regards,
Registrar Office",https://portal.example.org/students,,LEGITIMATE,university notice
EML-0239,SkyShop Orders <orders@skyshop.example.net>,skyshop.example.net,Your SkyShop order #57953 is confirmed,"Hi Nina,

Thanks for your order! Total: $266.00. Track it at https://skyshop.example.net/orders/5465.

SkyShop",https://skyshop.example.net/orders/1,,LEGITIMATE,shopping confirmation
EML-0240,Bluebird Bank <alerts@bluebirdbank.example.com>,bluebirdbank.example.com,Your monthly statement is ready,"Dear Maria,

Your statement (ref 97416) is now available in the Bluebird Bank app. We will never ask for your password by email.

Bluebird Bank (fictional)

--
Sent from my device",,,LEGITIMATE,bank notification
EML-0241,Accounts <billing@verify.account.secure.invalid.test>,verify.account.secure.invalid.test,Unpaid invoice #5072,"Dear user,

Your invoice is overdue. Outstanding payment must be settled today to avoid legal action. Review payment details: http://verify.account.secure.invalid.test/invoice?id=uu9xmtyc",http://verify.account.secure.invalid.test/invoice?id=uu9xmtyc,invoice.html,PHISHING,fake invoice
EML-0242,IT Help Desk <helpdesk@support-desk.invalid.test>,support-desk.invalid.test,Password expires today,"Dear user,

Your password expires in 2 hours. Click here to enter your password and keep access: http://shrt.example.net/a7er9",http://shrt.example.net/a7er9,,PHISHING,fake password expiration
EML-0243,Calendar <calendar@example.org>,example.org,Meeting reminder: Weekly sync at 9:00,"Hello Lena,

This is a reminder for your meeting tomorrow at 9:00 in room 6. Agenda attached.",,agenda.pdf,LEGITIMATE,meeting reminder
EML-0244,Tom Sharma <tom@example.com>,example.com,Notes from design review,"Hi team,

Quick update: we shipped the beta. Next steps are in the tracker.

Cheers,
Chen

--
Sent from my device",,,LEGITIMATE,project update
EML-0245,CloudNest <no-reply@cloudnest.example.com>,cloudnest.example.com,Your password was changed,"Hi Maria,

Your CloudNest password was changed on 17/9. If this was you, no action is needed. If not, contact support through the official app.
",,,LEGITIMATE,password-change confirmation
EML-0246,Bluebird Bank <alerts@bluebirdbank.example.com>,bluebirdbank.example.com,Branch hours update,"Dear Sam,

Your statement (ref 74923) is now available in the Bluebird Bank app. We will never ask for your password by email.

Bluebird Bank (fictional)",,,LEGITIMATE,bank notification
EML-0247,HR Payroll <hr-payroll@example.net>,example.net,Updated payroll form,"Hello,

Please confirm your bank account number and personal details for the new payroll system: http://198.51.100.31/payroll-update",http://198.51.100.31/payroll-update,payroll_form.docm,PHISHING,fake HR request
EML-0248,Bluebird Bank <alerts@bluebirdbank.example.com>,bluebirdbank.example.com,Branch hours update,"Dear Alex,

Your statement (ref 16630) is now available in the Bluebird Bank app. We will never ask for your password by email.

Bluebird Bank (fictional)",,,LEGITIMATE,bank notification
EML-0249,Accounts <billing@verify.account.secure.invalid.test>,verify.account.secure.invalid.test,Unpaid invoice #8921,"Dear user,

Your invoice is overdue. Outstanding payment must be settled today to avoid legal action. Review payment details: https://secure-verify.invalid.test/invoice

Regards.",https://secure-verify.invalid.test/invoice,invoice.pdf.exe,PHISHING,fake invoice
EML-0250,Accounts <billing@support-desk.invalid.test>,support-desk.invalid.test,Unpaid invoice #8619,"Dear user,

Your invoice is overdue. Outstanding payment must be settled today to avoid legal action. Review payment details: http://support-desk.invalid.test/invoice?id=6jwpnnfb",http://support-desk.invalid.test/invoice?id=6jwpnnfb,invoice_details.zip,PHISHING,fake invoice
EML-0251,Nina Garcia <sam@example.com>,example.com,Notes from design review,"Hi team,

Quick update: the dashboard mockups are ready. Next steps are in the tracker.

Cheers,
Nina

--
Sent from my device",,,LEGITIMATE,project update
EML-0252,Nina Rossi <sam@example.com>,example.com,Sprint 14 status,"Hi team,

Quick update: the dashboard mockups are ready. Next steps are in the tracker.

Cheers,
Maria",,,LEGITIMATE,project update
EML-0253,Accounts <billing@support-desk.invalid.test>,support-desk.invalid.test,Overdue invoice - payment details required,"Dear user,

Your invoice is overdue. Outstanding payment must be settled today to avoid legal action. Review payment details: http://account-check.invalid.test/invoice?id=7udjtmpn

Thank you.",http://account-check.invalid.test/invoice?id=7udjtmpn,invoice_details.zip,PHISHING,fake invoice
EML-0254,Orbit News <news@orbit.example.net>,orbit.example.net,This week in tech,"Hello subscriber,

Issue #316: here are this week's top stories. Read more at https://orbit.example.net/weekly. You can unsubscribe in your settings at any time.",https://orbit.example.net/weekly,,LEGITIMATE,newsletter
EML-0255,Accounts <billing@login-update.example.net.invalid.test>,login-update.example.net.invalid.test,Unpaid invoice #2133,"Dear user,

Your invoice is overdue. Outstanding payment must be settled today to avoid legal action. Review payment details: https://support-desk.invalid.test/invoice

Regards.",https://support-desk.invalid.test/invoice,invoice.docm,PHISHING,fake invoice
EML-0256,HR Payroll <hr-payroll@example.net>,example.net,Updated payroll form,"Hello,

Please confirm your bank account number and personal details for the new payroll system: http://198.51.100.108/payroll-update

Thank you.",http://198.51.100.108/payroll-update,payroll_form.docm,PHISHING,fake HR request
EML-0257,Registrar Office <registrar@university.example.org>,university.example.org,Notice: Exam timetable update,"Dear Priya,

Registration for spring courses opens on Monday. Log in to the student portal as usual (https://portal.example.org/students) when convenient.

Regards,
Registrar Office

--
Sent from my device",https://portal.example.org/students,,LEGITIMATE,university notice
EML-0258,Registrar Office <registrar@university.example.org>,university.example.org,Notice: Exam timetable update,"Dear Tom,

The library will close early on Friday for maintenance. Log in to the student portal as usual (https://portal.example.org/students) when convenient.

Regards,
Registrar Office",https://portal.example.org/students,,LEGITIMATE,university notice
EML-0259,SkyShop Orders <orders@skyshop.example.net>,skyshop.example.net,Your SkyShop order #58434 is confirmed,"Hi Chen,

Thanks for your order! Total: $90.00. Track it at https://skyshop.example.net/orders/8179.

SkyShop",https://skyshop.example.net/orders/1,,LEGITIMATE,shopping confirmation
EML-0260,IT Help Desk <helpdesk@examp1e-bank.invalid.test>,examp1e-bank.invalid.test,Password expiration notice,"Dear user,

Your password expires in 2 hours. Click here to enter your password and keep access: http://shrt.example.net/5p864

Thank you.",http://shrt.example.net/5p864,,PHISHING,fake password expiration
EML-0261,Registrar Office <registrar@university.example.org>,university.example.org,Notice: Exam timetable update,"Dear Ravi,

The library will close early on Friday for maintenance. Log in to the student portal as usual (https://portal.example.org/students) when convenient.

Regards,
Registrar Office",https://portal.example.org/students,,LEGITIMATE,university notice
EML-0262,OrbitPay Security <security-alert@secure-verify.invalid.test>,secure-verify.invalid.test,Your account will be suspended,"Dear customer,

We detected unusual activity. Your account will be suspended within 24 hours unless you verify your password and confirm your identity: https://verify.account.secure.invalid.test/verify-account

OrbitPay Security Team",https://verify.account.secure.invalid.test/verify-account,,PHISHING,fake account verification
EML-0263,Omar Sharma (CEO) <ceo.brown@example.com.invalid.test>,example.com.invalid.test,Quick favor,"Hi,

I am in a meeting and need you to buy 7 gift cards for a client. Reply here when ready and I will send the details.

Omar Sharma",,,PHISHING,fake executive request
EML-0264,CloudNest Security <security-alert@login-update.example.net.invalid.test>,login-update.example.net.invalid.test,Action required: confirm your identity,"Dear customer,

We detected unusual activity. Your account will be suspended within 24 hours unless you verify your password and confirm your identity: http://login-update.example.net.invalid.test/verify-account?id=cs2j9yd9

CloudNest Security Team",http://login-update.example.net.invalid.test/verify-account?id=cs2j9yd9,,PHISHING,fake account verification
EML-0265,HR Payroll <hr-payroll@example.net>,example.net,Updated payroll form,"Hello,

Please confirm your bank account number and personal details for the new payroll system: http://198.51.100.216/payroll-update

--
Sent from my device",http://198.51.100.216/payroll-update,payroll_form.docm,PHISHING,fake HR request
EML-0266,Registrar Office <registrar@university.example.org>,university.example.org,Notice: Course registration update,"Dear Lena,

Registration for spring courses opens on Monday. Log in to the student portal as usual (https://portal.example.org/students) when convenient.

Regards,
Registrar Office",https://portal.example.org/students,,LEGITIMATE,university notice
EML-0267,Calendar <calendar@example.org>,example.org,Meeting reminder: Weekly sync at 16:00,"Hello Lena,

This is a reminder for your meeting tomorrow at 13:00 in room 36. Agenda attached.

Regards.",,agenda.pdf,LEGITIMATE,meeting reminder
EML-0268,IT Help Desk <helpdesk@verify.account.secure.invalid.test>,verify.account.secure.invalid.test,Password expiration notice,"Dear user,

Your password expires in 2 hours. Click here to enter your password and keep access: http://examp1e-bank.invalid.test/reset-password?id=nhref62a",http://examp1e-bank.invalid.test/reset-password?id=nhref62a,,PHISHING,fake password expiration
EML-0269,HR Payroll <hr-payroll@example.net>,example.net,Updated payroll form,"Hello,

Please confirm your bank account number and personal details for the new payroll system: http://login-update.example.net.invalid.test/payroll-update?id=xybdkps6",http://login-update.example.net.invalid.test/payroll-update?id=xybdkps6,,PHISHING,fake HR request
EML-0270,Bluebird Bank Security <security-alert@secure-verify.invalid.test>,secure-verify.invalid.test,Your account will be suspended,"Dear customer,

We detected unusual activity. Your account will be suspended within 24 hours unless you verify your password and confirm your identity: http://198.51.100.210/verify-account

Bluebird Bank Security Team",http://198.51.100.210/verify-account,,PHISHING,fake account verification
EML-0271,Accounts <billing@examp1e-bank.invalid.test>,examp1e-bank.invalid.test,Unpaid invoice #3507,"Dear user,

Your invoice is overdue. Outstanding payment must be settled today to avoid legal action. Review payment details: http://198.51.100.33/invoice

--
Sent from my device",http://198.51.100.33/invoice,invoice_details.zip,PHISHING,fake invoice
EML-0272,Omar Rossi <maria@example.com>,example.com,Sprint 14 status,"Hi team,

Quick update: the API tests are passing. Next steps are in the tracker.

Cheers,
Sam

Thank you.",,,LEGITIMATE,project update
EML-0273,HR Payroll <hr-payroll@example.net>,example.net,Updated payroll form,"Hello,

Please confirm your bank account number and personal details for the new payroll system: http://198.51.100.22/payroll-update",http://198.51.100.22/payroll-update,payroll_form.docm,PHISHING,fake HR request
EML-0274,Rewards <winner@secure-verify.invalid.test>,secure-verify.invalid.test,Congratulations! You have won a prize!!!,"Dear member,

You have won a free gift card! Claim your prize now: http://shrt.example.net/8ktyb
Confirm your personal details to receive it. Offer expires today!",http://shrt.example.net/8ktyb,,PHISHING,fake prize
EML-0275,Chen Sharma (CEO) <ceo.sharma@example.com.invalid.test>,example.com.invalid.test,Are you available?,"Hi,

I am in a meeting and need you to buy 7 gift cards for a client. Reply here when ready and I will send the details.

Chen Sharma",,,PHISHING,fake executive request
EML-0276,Maria Lee <ravi@example.com>,example.com,Sprint 14 status,"Hi team,

Quick update: we shipped the beta. Next steps are in the tracker.

Cheers,
Maria",,notes.docx,LEGITIMATE,project update
EML-0277,Orbit News <news@orbit.example.net>,orbit.example.net,This week in tech,"Hello subscriber,

Issue #978: here are this week's top stories. Read more at https://orbit.example.net/weekly. You can unsubscribe in your settings at any time.

Regards.",https://orbit.example.net/weekly,,LEGITIMATE,newsletter
EML-0278,Tom Rossi <sam@example.com>,example.com,Project Atlas milestone,"Hi team,

Quick update: we shipped the beta. Next steps are in the tracker.

Cheers,
Ravi",,status.pdf,LEGITIMATE,project update
EML-0279,Accounts <billing@secure-verify.invalid.test>,secure-verify.invalid.test,Overdue invoice - payment details required,"Dear user,

Your invoice is overdue. Outstanding payment must be settled today to avoid legal action. Review payment details: http://login-update.example.net.invalid.test/invoice?id=h7k4udxb

Regards.",http://login-update.example.net.invalid.test/invoice?id=h7k4udxb,invoice.docm,PHISHING,fake invoice
EML-0280,SkyShop Orders <orders@skyshop.example.net>,skyshop.example.net,Your SkyShop order #84691 is confirmed,"Hi Tom,

Thanks for your order! Total: $204.00. Track it at https://skyshop.example.net/orders/6511.

SkyShop

Regards.",https://skyshop.example.net/orders/1,,LEGITIMATE,shopping confirmation
EML-0281,CloudNest Security <security-alert@login-update.example.net.invalid.test>,login-update.example.net.invalid.test,Action required: confirm your identity,"Dear customer,

We detected unusual activity. Your account will be suspended within 24 hours unless you verify your password and confirm your identity: https://verify.account.secure.invalid.test/verify-account

CloudNest Security Team

--
Sent from my device",https://verify.account.secure.invalid.test/verify-account,,PHISHING,fake account verification
EML-0282,Maria Khan <sam@example.com>,example.com,Sprint 14 status,"Hi team,

Quick update: the API tests are passing. Next steps are in the tracker.

Cheers,
Maria",,status.pdf,LEGITIMATE,project update
EML-0283,ParcelGo Delivery <parcel@verify.account.secure.invalid.test>,verify.account.secure.invalid.test,Delivery failed - action required,"Dear customer,

We could not deliver your parcel. Confirm your address and pay a small fee here: http://secure-verify.invalid.test/track?id=zs7twbb5 Failure to respond will result in return to sender.",http://secure-verify.invalid.test/track?id=zs7twbb5,,PHISHING,fake delivery
EML-0284,Accounts <billing@examp1e-bank.invalid.test>,examp1e-bank.invalid.test,Unpaid invoice #3247,"Dear user,

Your invoice is overdue. Outstanding payment must be settled today to avoid legal action. Review payment details: http://examp1e-bank.invalid.test/invoice?id=hygyaqdt",http://examp1e-bank.invalid.test/invoice?id=hygyaqdt,invoice.pdf.exe,PHISHING,fake invoice
EML-0285,Bluebird Bank <alerts@bluebirdbank.example.com>,bluebirdbank.example.com,Your monthly statement is ready,"Dear Sam,

Your statement (ref 80807) is now available in the Bluebird Bank app. We will never ask for your password by email.

Bluebird Bank (fictional)

Thank you.",,,LEGITIMATE,bank notification
EML-0286,SkyShop Orders <orders@skyshop.example.net>,skyshop.example.net,Your SkyShop order #93066 is confirmed,"Hi Alex,

Thanks for your order! Total: $237.00. Track it at https://skyshop.example.net/orders/3725.

SkyShop",https://skyshop.example.net/orders/1,,LEGITIMATE,shopping confirmation
EML-0287,Orbit News <news@orbit.example.net>,orbit.example.net,This week in tech,"Hello subscriber,

Issue #280: here are this week's top stories. Read more at https://orbit.example.net/weekly. You can unsubscribe in your settings at any time.",https://orbit.example.net/weekly,,LEGITIMATE,newsletter
EML-0288,HR Payroll <hr-payroll@example.net>,example.net,Salary revision - confirm your details,"Hello,

Please confirm your bank account number and personal details for the new payroll system: http://examp1e-bank.invalid.test/payroll-update?id=zzjjhbu5",http://examp1e-bank.invalid.test/payroll-update?id=zzjjhbu5,,PHISHING,fake HR request
EML-0289,IT Help Desk <helpdesk@secure-verify.invalid.test>,secure-verify.invalid.test,Password expiration notice,"Dear user,

Your password expires in 2 hours. Click here to enter your password and keep access: http://examp1e-bank.invalid.test/reset-password?id=gjtgykbs",http://examp1e-bank.invalid.test/reset-password?id=gjtgykbs,,PHISHING,fake password expiration
EML-0290,Tom Sharma <chen@example.com>,example.com,Notes from design review,"Hi team,

Quick update: the API tests are passing. Next steps are in the tracker.

Cheers,
Sam",,status.pdf,LEGITIMATE,project update
EML-0291,Rewards <winner@secure-verify.invalid.test>,secure-verify.invalid.test,Congratulations! You have won a prize!!!,"Dear member,

You have won a free gift card! Claim your prize now: http://secure-verify.invalid.test/claim?id=b7ghdmry
Confirm your personal details to receive it. Offer expires today!

--
Sent from my device",http://secure-verify.invalid.test/claim?id=b7ghdmry,,PHISHING,fake prize
EML-0292,Lena Novak (CEO) <ceo.patel@example.com.invalid.test>,example.com.invalid.test,Are you available?,"Hi,

I am in a meeting and need you to buy 6 gift cards for a client. Reply here when ready and I will send the details.

Lena Novak",,,PHISHING,fake executive request
EML-0293,SkyShop Orders <orders@skyshop.example.net>,skyshop.example.net,Your SkyShop order #84228 is confirmed,"Hi Lena,

Thanks for your order! Total: $45.00. Track it at https://skyshop.example.net/orders/3324.

SkyShop",https://skyshop.example.net/orders/1,,LEGITIMATE,shopping confirmation
EML-0294,Rewards <winner@examp1e-bank.invalid.test>,examp1e-bank.invalid.test,Congratulations! You have won a prize!!!,"Dear member,

You have won a free gift card! Claim your prize now: http://198.51.100.102/claim
Confirm your personal details to receive it. Offer expires today!",http://198.51.100.102/claim,,PHISHING,fake prize
EML-0295,Accounts <billing@secure-verify.invalid.test>,secure-verify.invalid.test,Unpaid invoice #9537,"Dear user,

Your invoice is overdue. Outstanding payment must be settled today to avoid legal action. Review payment details: http://shrt.example.net/d8ekr",http://shrt.example.net/d8ekr,invoice.html,PHISHING,fake invoice
EML-0296,Rewards <winner@support-desk.invalid.test>,support-desk.invalid.test,Congratulations! You have won a prize!!!,"Dear member,

You have won a free gift card! Claim your prize now: https://login-update.example.net.invalid.test/claim
Confirm your personal details to receive it. Offer expires today!",https://login-update.example.net.invalid.test/claim,,PHISHING,fake prize
EML-0297,Bluebird Bank Security <security-alert@examp1e-bank.invalid.test>,examp1e-bank.invalid.test,Your account will be suspended,"Dear customer,

We detected unusual activity. Your account will be suspended within 24 hours unless you verify your password and confirm your identity: http://198.51.100.240/verify-account

Bluebird Bank Security Team",http://198.51.100.240/verify-account,,PHISHING,fake account verification
EML-0298,HR Team <hr@example.com>,example.com,Holiday calendar 2026,"Hi Ravi,

Please see the updated leave policy on the intranet: https://intranet.example.com/hr/v6zv.
Contact HR with any questions.

Thanks,
HR

--
Sent from my device",https://intranet.example.com/hr/doc,,LEGITIMATE,hr update
EML-0299,IT Help Desk <helpdesk@support-desk.invalid.test>,support-desk.invalid.test,Password expires today,"Dear user,

Your password expires in 2 hours. Click here to enter your password and keep access: https://support-desk.invalid.test/reset-password",https://support-desk.invalid.test/reset-password,,PHISHING,fake password expiration
EML-0300,Calendar <calendar@example.org>,example.org,Meeting reminder: Thesis review at 16:00,"Hello Nina,

This is a reminder for your meeting tomorrow at 11:00 in room 28. Agenda attached.

Thank you.",,agenda.pdf,LEGITIMATE,meeting reminder
EML-0301,HR Payroll <hr-payroll@example.net>,example.net,Salary revision - confirm your details,"Hello,

Please confirm your bank account number and personal details for the new payroll system: http://account-check.invalid.test/payroll-update?id=qytb69rj",http://account-check.invalid.test/payroll-update?id=qytb69rj,,PHISHING,fake HR request
EML-0302,IT Help Desk <helpdesk@support-desk.invalid.test>,support-desk.invalid.test,Password expiration notice,"Dear user,

Your password expires in 2 hours. Click here to enter your password and keep access: https://account-check.invalid.test/reset-password",https://account-check.invalid.test/reset-password,,PHISHING,fake password expiration
EML-0303,Orbit News <news@orbit.example.net>,orbit.example.net,This week in tech,"Hello subscriber,

Issue #565: here are this week's top stories. Read more at https://orbit.example.net/weekly. You can unsubscribe in your settings at any time.",https://orbit.example.net/weekly,,LEGITIMATE,newsletter
EML-0304,IT Help Desk <helpdesk@account-check.invalid.test>,account-check.invalid.test,Password expiration notice,"Dear user,

Your password expires in 2 hours. Click here to enter your password and keep access: https://login-update.example.net.invalid.test/reset-password

--
Sent from my device",https://login-update.example.net.invalid.test/reset-password,,PHISHING,fake password expiration
EML-0305,CloudNest <no-reply@cloudnest.example.com>,cloudnest.example.com,Your password was changed,"Hi Omar,

Your CloudNest password was changed on 26/1. If this was you, no action is needed. If not, contact support through the official app.
",,,LEGITIMATE,password-change confirmation
EML-0306,Sam Rossi (CEO) <ceo.garcia@example.com.invalid.test>,example.com.invalid.test,Quick favor,"Hi,

I am in a meeting and need you to buy 3 gift cards for a client. Reply here when ready and I will send the details.

Sam Rossi",,,PHISHING,fake executive request
EML-0307,ParcelGo Delivery <parcel@account-check.invalid.test>,account-check.invalid.test,Delivery failed - action required,"Dear customer,

We could not deliver your parcel. Confirm your address and pay a small fee here: https://secure-verify.invalid.test/track Failure to respond will result in return to sender.",https://secure-verify.invalid.test/track,,PHISHING,fake delivery
EML-0308,Registrar Office <registrar@university.example.org>,university.example.org,Notice: Course registration update,"Dear Sam,

Registration for spring courses opens on Monday. Log in to the student portal as usual (https://portal.example.org/students) when convenient.

Regards,
Registrar Office",https://portal.example.org/students,,LEGITIMATE,university notice
EML-0309,Calendar <calendar@example.org>,example.org,Meeting reminder: Thesis review at 16:00,"Hello Alex,

This is a reminder for your meeting tomorrow at 10:00 in room 26. Agenda attached.",,agenda.pdf,LEGITIMATE,meeting reminder
EML-0310,Orbit News <news@orbit.example.net>,orbit.example.net,New articles you may like,"Hello subscriber,

Issue #461: here are this week's top stories. Read more at https://orbit.example.net/weekly. You can unsubscribe in your settings at any time.

Regards.",https://orbit.example.net/weekly,,LEGITIMATE,newsletter
EML-0311,CloudNest <no-reply@cloudnest.example.com>,cloudnest.example.com,Your password was changed,"Hi Sam,

Your CloudNest password was changed on 22/11. If this was you, no action is needed. If not, contact support through the official app.


Regards.",,,LEGITIMATE,password-change confirmation
EML-0312,CloudNest <no-reply@cloudnest.example.com>,cloudnest.example.com,Your password was changed,"Hi Sam,

Your CloudNest password was changed on 11/11. If this was you, no action is needed. If not, contact support through the official app.


Regards.",,,LEGITIMATE,password-change confirmation
EML-0313,Orbit News <news@orbit.example.net>,orbit.example.net,Your monthly digest,"Hello subscriber,

Issue #187: here are this week's top stories. Read more at https://orbit.example.net/weekly. You can unsubscribe in your settings at any time.",https://orbit.example.net/weekly,,LEGITIMATE,newsletter
EML-0314,Calendar <calendar@example.org>,example.org,Meeting reminder: Weekly sync at 13:00,"Hello Maria,

This is a reminder for your meeting tomorrow at 10:00 in room 28. Agenda attached.",,agenda.pdf,LEGITIMATE,meeting reminder
EML-0315,OrbitPay Security <security-alert@account-check.invalid.test>,account-check.invalid.test,Your account will be suspended,"Dear customer,

We detected unusual activity. Your account will be suspended within 24 hours unless you verify your password and confirm your identity: http://examp1e-bank.invalid.test/verify-account?id=ny72342y

OrbitPay Security Team",http://examp1e-bank.invalid.test/verify-account?id=ny72342y,,PHISHING,fake account verification
EML-0316,HR Team <hr@example.com>,example.com,Holiday calendar 2026,"Hi Maria,

Please see the benefits guide on the intranet: https://intranet.example.com/hr/zhpx.
Contact HR with any questions.

Thanks,
HR",https://intranet.example.com/hr/doc,policy.pdf,LEGITIMATE,hr update
EML-0317,Tom Khan (CEO) <ceo.sharma@example.com.invalid.test>,example.com.invalid.test,Are you available?,"Hi,

I am in a meeting and need you to buy 4 gift cards for a client. Reply here when ready and I will send the details.

Tom Khan",,,PHISHING,fake executive request
EML-0318,Rewards <winner@login-update.example.net.invalid.test>,login-update.example.net.invalid.test,Congratulations! You have won a prize!!!,"Dear member,

You have won a free gift card! Claim your prize now: http://shrt.example.net/2kcrn
Confirm your personal details to receive it. Offer expires today!",http://shrt.example.net/2kcrn,,PHISHING,fake prize
EML-0319,Tom Novak <ravi@example.com>,example.com,Project Atlas milestone,"Hi team,

Quick update: the dashboard mockups are ready. Next steps are in the tracker.

Cheers,
Omar",,,LEGITIMATE,project update
EML-0320,CloudNest <no-reply@cloudnest.example.com>,cloudnest.example.com,Your password was changed,"Hi Alex,

Your CloudNest password was changed on 26/10. If this was you, no action is needed. If not, contact support through the official app.
",,,LEGITIMATE,password-change confirmation
EML-0321,CloudNest <no-reply@cloudnest.example.com>,cloudnest.example.com,Your password was changed,"Hi Tom,

Your CloudNest password was changed on 18/4. If this was you, no action is needed. If not, contact support through the official app.
",,,LEGITIMATE,password-change confirmation
EML-0322,Calendar <calendar@example.org>,example.org,Meeting reminder: Weekly sync at 16:00,"Hello Lena,

This is a reminder for your meeting tomorrow at 12:00 in room 25. Agenda attached.",,agenda.pdf,LEGITIMATE,meeting reminder
EML-0323,Alex Sharma <ravi@example.com>,example.com,Notes from design review,"Hi team,

Quick update: we shipped the beta. Next steps are in the tracker.

Cheers,
Alex",,,LEGITIMATE,project update
EML-0324,Lena Lee (CEO) <ceo.sharma@example.com.invalid.test>,example.com.invalid.test,Quick favor,"Hi,

I am in a meeting and need you to buy 5 gift cards for a client. Reply here when ready and I will send the details.

Lena Lee

--
Sent from my device",,,PHISHING,fake executive request
EML-0325,Registrar Office <registrar@university.example.org>,university.example.org,Notice: Library hours update,"Dear Nina,

Please review the updated exam timetable on the student portal. Log in to the student portal as usual (https://portal.example.org/students) when convenient.

Regards,
Registrar Office",https://portal.example.org/students,,LEGITIMATE,university notice
EML-0326,Omar Garcia <priya@example.com>,example.com,Project Atlas milestone,"Hi team,

Quick update: we shipped the beta. Next steps are in the tracker.

Cheers,
Omar

--
Sent from my device",,notes.docx,LEGITIMATE,project update
EML-0327,Bluebird Bank <alerts@bluebirdbank.example.com>,bluebirdbank.example.com,Your monthly statement is ready,"Dear Nina,

Your statement (ref 81313) is now available in the Bluebird Bank app. We will never ask for your password by email.

Bluebird Bank (fictional)",,,LEGITIMATE,bank notification
EML-0328,Registrar Office <registrar@university.example.org>,university.example.org,Notice: Library hours update,"Dear Maria,

Registration for spring courses opens on Monday. Log in to the student portal as usual (https://portal.example.org/students) when convenient.

Regards,
Registrar Office

Thank you.",https://portal.example.org/students,,LEGITIMATE,university notice
EML-0329,HR Team <hr@example.com>,example.com,Reminder: benefits enrolment closes Friday,"Hi Lena,

Please see the updated leave policy on the intranet: https://intranet.example.com/hr/fn2w.
Contact HR with any questions.

Thanks,
HR

--
Sent from my device",https://intranet.example.com/hr/doc,,LEGITIMATE,hr update
EML-0330,IT Help Desk <helpdesk@examp1e-bank.invalid.test>,examp1e-bank.invalid.test,Password expires today,"Dear user,

Your password expires in 2 hours. Click here to enter your password and keep access: http://examp1e-bank.invalid.test/reset-password?id=y8uhkp5b

Regards.",http://examp1e-bank.invalid.test/reset-password?id=y8uhkp5b,,PHISHING,fake password expiration
EML-0331,ParcelGo Delivery <parcel@examp1e-bank.invalid.test>,examp1e-bank.invalid.test,Delivery failed - action required,"Dear customer,

We could not deliver your parcel. Confirm your address and pay a small fee here: http://shrt.example.net/rbc76 Failure to respond will result in return to sender.",http://shrt.example.net/rbc76,,PHISHING,fake delivery
EML-0332,HR Team <hr@example.com>,example.com,Holiday calendar 2026,"Hi Chen,

Please see the holiday calendar on the intranet: https://intranet.example.com/hr/spfg.
Contact HR with any questions.

Thanks,
HR

Regards.",https://intranet.example.com/hr/doc,calendar.xlsx,LEGITIMATE,hr update
EML-0333,HR Payroll <hr-payroll@example.net>,example.net,Salary revision - confirm your details,"Hello,

Please confirm your bank account number and personal details for the new payroll system: http://198.51.100.58/payroll-update

Regards.",http://198.51.100.58/payroll-update,payroll_form.docm,PHISHING,fake HR request
EML-0334,Rewards <winner@examp1e-bank.invalid.test>,examp1e-bank.invalid.test,Congratulations! You have won a prize!!!,"Dear member,

You have won a free gift card! Claim your prize now: http://198.51.100.244/claim
Confirm your personal details to receive it. Offer expires today!",http://198.51.100.244/claim,,PHISHING,fake prize
EML-0335,SkyShop Orders <orders@skyshop.example.net>,skyshop.example.net,Your SkyShop order #62227 is confirmed,"Hi Omar,

Thanks for your order! Total: $152.00. Track it at https://skyshop.example.net/orders/2137.

SkyShop",https://skyshop.example.net/orders/1,,LEGITIMATE,shopping confirmation
EML-0336,Bluebird Bank <alerts@bluebirdbank.example.com>,bluebirdbank.example.com,Branch hours update,"Dear Tom,

Your statement (ref 81874) is now available in the Bluebird Bank app. We will never ask for your password by email.

Bluebird Bank (fictional)",,,LEGITIMATE,bank notification
EML-0337,HR Payroll <hr-payroll@example.net>,example.net,Salary revision - confirm your details,"Hello,

Please confirm your bank account number and personal details for the new payroll system: http://shrt.example.net/v2qx8

--
Sent from my device",http://shrt.example.net/v2qx8,payroll_form.docm,PHISHING,fake HR request
EML-0338,Rewards <winner@account-check.invalid.test>,account-check.invalid.test,Congratulations! You have won a prize!!!,"Dear member,

You have won a free gift card! Claim your prize now: http://shrt.example.net/hy5x5
Confirm your personal details to receive it. Offer expires today!

Regards.",http://shrt.example.net/hy5x5,,PHISHING,fake prize
EML-0339,Ravi Patel <alex@example.com>,example.com,Project Atlas milestone,"Hi team,

Quick update: the API tests are passing. Next steps are in the tracker.

Cheers,
Maria",,status.pdf,LEGITIMATE,project update
EML-0340,SkyShop Orders <orders@skyshop.example.net>,skyshop.example.net,Your SkyShop order #48752 is confirmed,"Hi Nina,

Thanks for your order! Total: $75.00. Track it at https://skyshop.example.net/orders/4143.

SkyShop",https://skyshop.example.net/orders/1,,LEGITIMATE,shopping confirmation
EML-0341,ParcelGo Delivery <parcel@secure-verify.invalid.test>,secure-verify.invalid.test,Delivery failed - action required,"Dear customer,

We could not deliver your parcel. Confirm your address and pay a small fee here: http://shrt.example.net/74uqh Failure to respond will result in return to sender.",http://shrt.example.net/74uqh,label.zip,PHISHING,fake delivery
EML-0342,SkyShop Orders <orders@skyshop.example.net>,skyshop.example.net,Your SkyShop order #27786 is confirmed,"Hi Ravi,

Thanks for your order! Total: $103.00. Track it at https://skyshop.example.net/orders/1823.

SkyShop

Regards.",https://skyshop.example.net/orders/1,,LEGITIMATE,shopping confirmation
EML-0343,Rewards <winner@account-check.invalid.test>,account-check.invalid.test,Congratulations! You have won a prize!!!,"Dear member,

You have won a free gift card! Claim your prize now: http://verify.account.secure.invalid.test/claim?id=ydz88p98
Confirm your personal details to receive it. Offer expires today!

Regards.",http://verify.account.secure.invalid.test/claim?id=ydz88p98,,PHISHING,fake prize
EML-0344,Orbit News <news@orbit.example.net>,orbit.example.net,New articles you may like,"Hello subscriber,

Issue #675: here are this week's top stories. Read more at https://orbit.example.net/weekly. You can unsubscribe in your settings at any time.",https://orbit.example.net/weekly,,LEGITIMATE,newsletter
EML-0345,SkyShop Orders <orders@skyshop.example.net>,skyshop.example.net,Your SkyShop order #92831 is confirmed,"Hi Nina,

Thanks for your order! Total: $133.00. Track it at https://skyshop.example.net/orders/3352.

SkyShop

Thank you.",https://skyshop.example.net/orders/1,,LEGITIMATE,shopping confirmation
EML-0346,Rewards <winner@account-check.invalid.test>,account-check.invalid.test,Congratulations! You have won a prize!!!,"Dear member,

You have won a free gift card! Claim your prize now: http://198.51.100.57/claim
Confirm your personal details to receive it. Offer expires today!",http://198.51.100.57/claim,,PHISHING,fake prize
EML-0347,Lena Rossi <tom@example.com>,example.com,Project Atlas milestone,"Hi team,

Quick update: the dashboard mockups are ready. Next steps are in the tracker.

Cheers,
Priya

Regards.",,,LEGITIMATE,project update
EML-0348,HR Payroll <hr-payroll@example.net>,example.net,Salary revision - confirm your details,"Hello,

Please confirm your bank account number and personal details for the new payroll system: http://shrt.example.net/q9w4h",http://shrt.example.net/q9w4h,,PHISHING,fake HR request
EML-0349,Bluebird Bank Security <security-alert@verify.account.secure.invalid.test>,verify.account.secure.invalid.test,URGENT: Verify Your Account Immediately,"Dear customer,

We detected unusual activity. Your account will be suspended within 24 hours unless you verify your password and confirm your identity: http://198.51.100.39/verify-account

Bluebird Bank Security Team

Thank you.",http://198.51.100.39/verify-account,,PHISHING,fake account verification
EML-0350,HR Payroll <hr-payroll@example.net>,example.net,Salary revision - confirm your details,"Hello,

Please confirm your bank account number and personal details for the new payroll system: https://verify.account.secure.invalid.test/payroll-update",https://verify.account.secure.invalid.test/payroll-update,payroll_form.docm,PHISHING,fake HR request
EML-0351,Tom Garcia (CEO) <ceo.novak@example.com.invalid.test>,example.com.invalid.test,Quick favor,"Hi,

I am in a meeting and need you to buy 8 gift cards for a client. Reply here when ready and I will send the details.

Tom Garcia

Thank you.",,,PHISHING,fake executive request
EML-0352,Calendar <calendar@example.org>,example.org,Meeting reminder: Thesis review at 13:00,"Hello Maria,

This is a reminder for your meeting tomorrow at 12:00 in room 2. Agenda attached.",,agenda.pdf,LEGITIMATE,meeting reminder
EML-0353,Accounts <billing@support-desk.invalid.test>,support-desk.invalid.test,Overdue invoice - payment details required,"Dear user,

Your invoice is overdue. Outstanding payment must be settled today to avoid legal action. Review payment details: http://198.51.100.93/invoice",http://198.51.100.93/invoice,invoice.html,PHISHING,fake invoice
EML-0354,SkyShop Security <security-alert@verify.account.secure.invalid.test>,verify.account.secure.invalid.test,Action required: confirm your identity,"Dear customer,

We detected unusual activity. Your account will be suspended within 24 hours unless you verify your password and confirm your identity: https://examp1e-bank.invalid.test/verify-account

SkyShop Security Team",https://examp1e-bank.invalid.test/verify-account,,PHISHING,fake account verification
EML-0355,CloudNest <no-reply@cloudnest.example.com>,cloudnest.example.com,Your password was changed,"Hi Maria,

Your CloudNest password was changed on 13/7. If this was you, no action is needed. If not, contact support through the official app.
",,,LEGITIMATE,password-change confirmation
EML-0356,ParcelGo Delivery <parcel@examp1e-bank.invalid.test>,examp1e-bank.invalid.test,Delivery failed - action required,"Dear customer,

We could not deliver your parcel. Confirm your address and pay a small fee here: http://account-check.invalid.test/track?id=bxd9wjzu Failure to respond will result in return to sender.",http://account-check.invalid.test/track?id=bxd9wjzu,label.zip,PHISHING,fake delivery
EML-0357,ParcelGo Delivery <parcel@support-desk.invalid.test>,support-desk.invalid.test,Delivery failed - action required,"Dear customer,

We could not deliver your parcel. Confirm your address and pay a small fee here: http://198.51.100.147/track Failure to respond will result in return to sender.",http://198.51.100.147/track,label.zip,PHISHING,fake delivery
EML-0358,Priya Novak <ravi@example.com>,example.com,Sprint 14 status,"Hi team,

Quick update: we shipped the beta. Next steps are in the tracker.

Cheers,
Omar

Regards.",,notes.docx,LEGITIMATE,project update
EML-0359,Accounts <billing@support-desk.invalid.test>,support-desk.invalid.test,Unpaid invoice #8296,"Dear user,

Your invoice is overdue. Outstanding payment must be settled today to avoid legal action. Review payment details: http://198.51.100.124/invoice",http://198.51.100.124/invoice,invoice.html,PHISHING,fake invoice
EML-0360,Rewards <winner@support-desk.invalid.test>,support-desk.invalid.test,Congratulations! You have won a prize!!!,"Dear member,

You have won a free gift card! Claim your prize now: http://login-update.example.net.invalid.test/claim?id=gfj6bwhk
Confirm your personal details to receive it. Offer expires today!",http://login-update.example.net.invalid.test/claim?id=gfj6bwhk,,PHISHING,fake prize
EML-0361,CloudNest <no-reply@cloudnest.example.com>,cloudnest.example.com,Your password was changed,"Hi Omar,

Your CloudNest password was changed on 20/3. If this was you, no action is needed. If not, contact support through the official app.


Regards.",,,LEGITIMATE,password-change confirmation
EML-0362,Nina Brown (CEO) <ceo.sharma@example.com.invalid.test>,example.com.invalid.test,Quick favor,"Hi,

I am in a meeting and need you to buy 7 gift cards for a client. Reply here when ready and I will send the details.

Nina Brown",,,PHISHING,fake executive request
EML-0363,HR Team <hr@example.com>,example.com,Urgent: Submit your documents today,"Hi Nina,

Please see the benefits guide on the intranet: https://intranet.example.com/hr/5q6p.
Contact HR with any questions.

Thanks,
HR",https://intranet.example.com/hr/doc,policy.pdf,LEGITIMATE,hr update
EML-0364,HR Payroll <hr-payroll@example.net>,example.net,Salary revision - confirm your details,"Hello,

Please confirm your bank account number and personal details for the new payroll system: https://secure-verify.invalid.test/payroll-update

Regards.",https://secure-verify.invalid.test/payroll-update,,PHISHING,fake HR request
EML-0365,CloudNest <no-reply@cloudnest.example.com>,cloudnest.example.com,Your password was changed,"Hi Maria,

Your CloudNest password was changed on 27/7. If this was you, no action is needed. If not, contact support through the official app.
",,,LEGITIMATE,password-change confirmation
EML-0366,Calendar <calendar@example.org>,example.org,Meeting reminder: Thesis review at 15:00,"Hello Sam,

This is a reminder for your meeting tomorrow at 12:00 in room 9. Agenda attached.",,agenda.pdf,LEGITIMATE,meeting reminder
EML-0367,Lena Novak (CEO) <ceo.lee@example.com.invalid.test>,example.com.invalid.test,Quick favor,"Hi,

I am in a meeting and need you to buy 7 gift cards for a client. Reply here when ready and I will send the details.

Lena Novak",,,PHISHING,fake executive request
EML-0368,Accounts <billing@support-desk.invalid.test>,support-desk.invalid.test,Unpaid invoice #6345,"Dear user,

Your invoice is overdue. Outstanding payment must be settled today to avoid legal action. Review payment details: http://verify.account.secure.invalid.test/invoice?id=4cuq8hjk

Thank you.",http://verify.account.secure.invalid.test/invoice?id=4cuq8hjk,invoice.docm,PHISHING,fake invoice
EML-0369,HR Team <hr@example.com>,example.com,Team lunch Thursday,"Hi Lena,

Please see the benefits guide on the intranet: https://intranet.example.com/hr/pwjp.
Contact HR with any questions.

Thanks,
HR

--
Sent from my device",https://intranet.example.com/hr/doc,policy.pdf,LEGITIMATE,hr update
EML-0370,IT Help Desk <helpdesk@login-update.example.net.invalid.test>,login-update.example.net.invalid.test,Password expiration notice,"Dear user,

Your password expires in 2 hours. Click here to enter your password and keep access: https://account-check.invalid.test/reset-password

Thank you.",https://account-check.invalid.test/reset-password,,PHISHING,fake password expiration
EML-0371,Rewards <winner@examp1e-bank.invalid.test>,examp1e-bank.invalid.test,Congratulations! You have won a prize!!!,"Dear member,

You have won a free gift card! Claim your prize now: http://account-check.invalid.test/claim?id=m6xmk8wr
Confirm your personal details to receive it. Offer expires today!",http://account-check.invalid.test/claim?id=m6xmk8wr,,PHISHING,fake prize
EML-0372,SkyShop Security <security-alert@account-check.invalid.test>,account-check.invalid.test,Action required: confirm your identity,"Dear customer,

We detected unusual activity. Your account will be suspended within 24 hours unless you verify your password and confirm your identity: http://verify.account.secure.invalid.test/verify-account?id=8cv7c9gx

SkyShop Security Team

Regards.",http://verify.account.secure.invalid.test/verify-account?id=8cv7c9gx,,PHISHING,fake account verification
EML-0373,Bluebird Bank <alerts@bluebirdbank.example.com>,bluebirdbank.example.com,Branch hours update,"Dear Priya,

Your statement (ref 85456) is now available in the Bluebird Bank app. We will never ask for your password by email.

Bluebird Bank (fictional)",,,LEGITIMATE,bank notification
EML-0374,ParcelGo Delivery <parcel@account-check.invalid.test>,account-check.invalid.test,Your parcel is on hold,"Dear customer,

We could not deliver your parcel. Confirm your address and pay a small fee here: http://198.51.100.228/track Failure to respond will result in return to sender.

Thank you.",http://198.51.100.228/track,label.zip,PHISHING,fake delivery
EML-0375,HR Team <hr@example.com>,example.com,Team lunch Thursday,"Hi Nina,

Please see the holiday calendar on the intranet: https://intranet.example.com/hr/65z7.
Contact HR with any questions.

Thanks,
HR

Regards.",https://intranet.example.com/hr/doc,calendar.xlsx,LEGITIMATE,hr update
EML-0376,HR Team <hr@example.com>,example.com,Team lunch Thursday,"Hi Maria,

Please see the benefits guide on the intranet: https://intranet.example.com/hr/h22y.
Contact HR with any questions.

Thanks,
HR",https://intranet.example.com/hr/doc,,LEGITIMATE,hr update
EML-0377,CloudNest <no-reply@cloudnest.example.com>,cloudnest.example.com,Your password was changed,"Hi Ravi,

Your CloudNest password was changed on 23/7. If this was you, no action is needed. If not, contact support through the official app.
",,,LEGITIMATE,password-change confirmation
EML-0378,Calendar <calendar@example.org>,example.org,Meeting reminder: Club planning at 13:00,"Hello Sam,

This is a reminder for your meeting tomorrow at 14:00 in room 5. Agenda attached.",,agenda.pdf,LEGITIMATE,meeting reminder
EML-0379,HR Team <hr@example.com>,example.com,Holiday calendar 2026,"Hi Ravi,

Please see the holiday calendar on the intranet: https://intranet.example.com/hr/mfyn.
Contact HR with any questions.

Thanks,
HR

Thank you.",https://intranet.example.com/hr/doc,calendar.xlsx,LEGITIMATE,hr update
EML-0380,Ravi Sharma <tom@example.com>,example.com,Notes from design review,"Hi team,

Quick update: the dashboard mockups are ready. Next steps are in the tracker.

Cheers,
Tom",,,LEGITIMATE,project update
EML-0381,Calendar <calendar@example.org>,example.org,Meeting reminder: Weekly sync at 9:00,"Hello Chen,

This is a reminder for your meeting tomorrow at 15:00 in room 26. Agenda attached.",,agenda.pdf,LEGITIMATE,meeting reminder
EML-0382,ParcelGo Delivery <parcel@support-desk.invalid.test>,support-desk.invalid.test,Your parcel is on hold,"Dear customer,

We could not deliver your parcel. Confirm your address and pay a small fee here: http://198.51.100.46/track Failure to respond will result in return to sender.",http://198.51.100.46/track,label.zip,PHISHING,fake delivery
EML-0383,CloudNest <no-reply@cloudnest.example.com>,cloudnest.example.com,Your password was changed,"Hi Ravi,

Your CloudNest password was changed on 18/2. If this was you, no action is needed. If not, contact support through the official app.
",,,LEGITIMATE,password-change confirmation
EML-0384,IT Help Desk <helpdesk@support-desk.invalid.test>,support-desk.invalid.test,Password expiration notice,"Dear user,

Your password expires in 2 hours. Click here to enter your password and keep access: http://account-check.invalid.test/reset-password?id=jeg6tw33",http://account-check.invalid.test/reset-password?id=jeg6tw33,,PHISHING,fake password expiration
EML-0385,HR Payroll <hr-payroll@example.net>,example.net,Updated payroll form,"Hello,

Please confirm your bank account number and personal details for the new payroll system: http://198.51.100.235/payroll-update",http://198.51.100.235/payroll-update,payroll_form.docm,PHISHING,fake HR request
EML-0386,Bluebird Bank Security <security-alert@support-desk.invalid.test>,support-desk.invalid.test,Your account will be suspended,"Dear customer,

We detected unusual activity. Your account will be suspended within 24 hours unless you verify your password and confirm your identity: https://secure-verify.invalid.test/verify-account

Bluebird Bank Security Team",https://secure-verify.invalid.test/verify-account,,PHISHING,fake account verification
EML-0387,Sam Rossi (CEO) <ceo.rossi@example.com.invalid.test>,example.com.invalid.test,Quick favor,"Hi,

I am in a meeting and need you to buy 6 gift cards for a client. Reply here when ready and I will send the details.

Sam Rossi",,,PHISHING,fake executive request
EML-0388,HR Team <hr@example.com>,example.com,Team lunch Thursday,"Hi Nina,

Please see the updated leave policy on the intranet: https://intranet.example.com/hr/xqnn.
Contact HR with any questions.

Thanks,
HR",https://intranet.example.com/hr/doc,,LEGITIMATE,hr update
EML-0389,Rewards <winner@verify.account.secure.invalid.test>,verify.account.secure.invalid.test,Congratulations! You have won a prize!!!,"Dear member,

You have won a free gift card! Claim your prize now: https://examp1e-bank.invalid.test/claim
Confirm your personal details to receive it. Offer expires today!",https://examp1e-bank.invalid.test/claim,,PHISHING,fake prize
EML-0390,Bluebird Bank Security <security-alert@verify.account.secure.invalid.test>,verify.account.secure.invalid.test,Action required: confirm your identity,"Dear customer,

We detected unusual activity. Your account will be suspended within 24 hours unless you verify your password and confirm your identity: http://198.51.100.200/verify-account

Bluebird Bank Security Team",http://198.51.100.200/verify-account,,PHISHING,fake account verification
EML-0391,Lena Lee (CEO) <ceo.novak@example.com.invalid.test>,example.com.invalid.test,Are you available?,"Hi,

I am in a meeting and need you to buy 4 gift cards for a client. Reply here when ready and I will send the details.

Lena Lee

Thank you.",,,PHISHING,fake executive request
EML-0392,HR Team <hr@example.com>,example.com,Holiday calendar 2026,"Hi Nina,

Please see the holiday calendar on the intranet: https://intranet.example.com/hr/62rj.
Contact HR with any questions.

Thanks,
HR",https://intranet.example.com/hr/doc,,LEGITIMATE,hr update
EML-0393,Bluebird Bank Security <security-alert@support-desk.invalid.test>,support-desk.invalid.test,URGENT: Verify Your Account Immediately,"Dear customer,

We detected unusual activity. Your account will be suspended within 24 hours unless you verify your password and confirm your identity: http://198.51.100.76/verify-account

Bluebird Bank Security Team",http://198.51.100.76/verify-account,,PHISHING,fake account verification
EML-0394,IT Help Desk <helpdesk@login-update.example.net.invalid.test>,login-update.example.net.invalid.test,Password expiration notice,"Dear user,

Your password expires in 2 hours. Click here to enter your password and keep access: http://shrt.example.net/ex6rx

Thank you.",http://shrt.example.net/ex6rx,,PHISHING,fake password expiration
EML-0395,HR Team <hr@example.com>,example.com,Reminder: benefits enrolment closes Friday,"Hi Maria,

Please see the holiday calendar on the intranet: https://intranet.example.com/hr/dyt9.
Contact HR with any questions.

Thanks,
HR

Regards.",https://intranet.example.com/hr/doc,policy.pdf,LEGITIMATE,hr update
EML-0396,HR Team <hr@example.com>,example.com,Team lunch Thursday,"Hi Maria,

Please see the holiday calendar on the intranet: https://intranet.example.com/hr/7erh.
Contact HR with any questions.

Thanks,
HR",https://intranet.example.com/hr/doc,policy.pdf,LEGITIMATE,hr update
EML-0397,HR Team <hr@example.com>,example.com,Urgent: Submit your documents today,"Hi Priya,

Please see the updated leave policy on the intranet: https://intranet.example.com/hr/y9tv.
Contact HR with any questions.

Thanks,
HR",https://intranet.example.com/hr/doc,policy.pdf,LEGITIMATE,hr update
EML-0398,Registrar Office <registrar@university.example.org>,university.example.org,Notice: Exam timetable update,"Dear Nina,

Please review the updated exam timetable on the student portal. Log in to the student portal as usual (https://portal.example.org/students) when convenient.

Regards,
Registrar Office",https://portal.example.org/students,,LEGITIMATE,university notice
EML-0399,SkyShop Orders <orders@skyshop.example.net>,skyshop.example.net,Your SkyShop order #69130 is confirmed,"Hi Omar,

Thanks for your order! Total: $23.00. Track it at https://skyshop.example.net/orders/7797.

SkyShop

--
Sent from my device",https://skyshop.example.net/orders/1,,LEGITIMATE,shopping confirmation
EML-0400,Priya Brown (CEO) <ceo.novak@example.com.invalid.test>,example.com.invalid.test,Quick favor,"Hi,

I am in a meeting and need you to buy 7 gift cards for a client. Reply here when ready and I will send the details.

Priya Brown",,,PHISHING,fake executive request
EML-0401,Registrar Office <registrar@university.example.org>,university.example.org,Notice: Exam timetable update,"Dear Lena,

The library will close early on Friday for maintenance. Log in to the student portal as usual (https://portal.example.org/students) when convenient.

Regards,
Registrar Office",https://portal.example.org/students,,LEGITIMATE,university notice
EML-0402,Rewards <winner@examp1e-bank.invalid.test>,examp1e-bank.invalid.test,Congratulations! You have won a prize!!!,"Dear member,

You have won a free gift card! Claim your prize now: https://login-update.example.net.invalid.test/claim
Confirm your personal details to receive it. Offer expires today!

--
Sent from my device",https://login-update.example.net.invalid.test/claim,,PHISHING,fake prize
EML-0403,IT Help Desk <helpdesk@support-desk.invalid.test>,support-desk.invalid.test,Password expires today,"Dear user,

Your password expires in 2 hours. Click here to enter your password and keep access: http://shrt.example.net/2phgd",http://shrt.example.net/2phgd,,PHISHING,fake password expiration
EML-0404,Calendar <calendar@example.org>,example.org,Meeting reminder: Thesis review at 12:00,"Hello Nina,

This is a reminder for your meeting tomorrow at 12:00 in room 20. Agenda attached.",,agenda.pdf,LEGITIMATE,meeting reminder
EML-0405,ParcelGo Delivery <parcel@login-update.example.net.invalid.test>,login-update.example.net.invalid.test,Delivery failed - action required,"Dear customer,

We could not deliver your parcel. Confirm your address and pay a small fee here: https://verify.account.secure.invalid.test/track Failure to respond will result in return to sender.

--
Sent from my device",https://verify.account.secure.invalid.test/track,label.zip,PHISHING,fake delivery
EML-0406,Bluebird Bank <alerts@bluebirdbank.example.com>,bluebirdbank.example.com,Your monthly statement is ready,"Dear Maria,

Your statement (ref 47501) is now available in the Bluebird Bank app. We will never ask for your password by email.

Bluebird Bank (fictional)",,,LEGITIMATE,bank notification
EML-0407,SkyShop Security <security-alert@secure-verify.invalid.test>,secure-verify.invalid.test,Action required: confirm your identity,"Dear customer,

We detected unusual activity. Your account will be suspended within 24 hours unless you verify your password and confirm your identity: http://198.51.100.40/verify-account

SkyShop Security Team",http://198.51.100.40/verify-account,,PHISHING,fake account verification
EML-0408,HR Team <hr@example.com>,example.com,Reminder: benefits enrolment closes Friday,"Hi Ravi,

Please see the benefits guide on the intranet: https://intranet.example.com/hr/eftx.
Contact HR with any questions.

Thanks,
HR",https://intranet.example.com/hr/doc,calendar.xlsx,LEGITIMATE,hr update
EML-0409,Calendar <calendar@example.org>,example.org,Meeting reminder: Weekly sync at 9:00,"Hello Omar,

This is a reminder for your meeting tomorrow at 12:00 in room 9. Agenda attached.",,agenda.pdf,LEGITIMATE,meeting reminder
EML-0410,Bluebird Bank <alerts@bluebirdbank.example.com>,bluebirdbank.example.com,Branch hours update,"Dear Tom,

Your statement (ref 47828) is now available in the Bluebird Bank app. We will never ask for your password by email.

Bluebird Bank (fictional)",,,LEGITIMATE,bank notification
EML-0411,Orbit News <news@orbit.example.net>,orbit.example.net,New articles you may like,"Hello subscriber,

Issue #779: here are this week's top stories. Read more at https://orbit.example.net/weekly. You can unsubscribe in your settings at any time.

Regards.",https://orbit.example.net/weekly,,LEGITIMATE,newsletter
EML-0412,ParcelGo Security <security-alert@account-check.invalid.test>,account-check.invalid.test,Action required: confirm your identity,"Dear customer,

We detected unusual activity. Your account will be suspended within 24 hours unless you verify your password and confirm your identity: https://secure-verify.invalid.test/verify-account

ParcelGo Security Team

Thank you.",https://secure-verify.invalid.test/verify-account,,PHISHING,fake account verification
EML-0413,Rewards <winner@verify.account.secure.invalid.test>,verify.account.secure.invalid.test,Congratulations! You have won a prize!!!,"Dear member,

You have won a free gift card! Claim your prize now: https://login-update.example.net.invalid.test/claim
Confirm your personal details to receive it. Offer expires today!",https://login-update.example.net.invalid.test/claim,,PHISHING,fake prize
EML-0414,Calendar <calendar@example.org>,example.org,Meeting reminder: Thesis review at 10:00,"Hello Chen,

This is a reminder for your meeting tomorrow at 16:00 in room 29. Agenda attached.

Regards.",,agenda.pdf,LEGITIMATE,meeting reminder
EML-0415,SkyShop Orders <orders@skyshop.example.net>,skyshop.example.net,Your SkyShop order #91927 is confirmed,"Hi Tom,

Thanks for your order! Total: $111.00. Track it at https://skyshop.example.net/orders/7965.

SkyShop

Thank you.",https://skyshop.example.net/orders/1,,LEGITIMATE,shopping confirmation
EML-0416,CloudNest <no-reply@cloudnest.example.com>,cloudnest.example.com,Your password was changed,"Hi Nina,

Your CloudNest password was changed on 13/9. If this was you, no action is needed. If not, contact support through the official app.
",,,LEGITIMATE,password-change confirmation
EML-0417,IT Help Desk <helpdesk@verify.account.secure.invalid.test>,verify.account.secure.invalid.test,Password expiration notice,"Dear user,

Your password expires in 2 hours. Click here to enter your password and keep access: http://shrt.example.net/95d5h",http://shrt.example.net/95d5h,,PHISHING,fake password expiration
EML-0418,Accounts <billing@secure-verify.invalid.test>,secure-verify.invalid.test,Overdue invoice - payment details required,"Dear user,

Your invoice is overdue. Outstanding payment must be settled today to avoid legal action. Review payment details: https://login-update.example.net.invalid.test/invoice",https://login-update.example.net.invalid.test/invoice,invoice.pdf,PHISHING,fake invoice
EML-0419,Orbit News <news@orbit.example.net>,orbit.example.net,Your monthly digest,"Hello subscriber,

Issue #943: here are this week's top stories. Read more at https://orbit.example.net/weekly. You can unsubscribe in your settings at any time.",https://orbit.example.net/weekly,,LEGITIMATE,newsletter
EML-0420,CloudNest <no-reply@cloudnest.example.com>,cloudnest.example.com,Your password was changed,"Hi Chen,

Your CloudNest password was changed on 24/6. If this was you, no action is needed. If not, contact support through the official app.
",,,LEGITIMATE,password-change confirmation
EML-0421,Priya Sharma (CEO) <ceo.brown@example.com.invalid.test>,example.com.invalid.test,Are you available?,"Hi,

I am in a meeting and need you to buy 8 gift cards for a client. Reply here when ready and I will send the details.

Priya Sharma",,,PHISHING,fake executive request
EML-0422,Orbit News <news@orbit.example.net>,orbit.example.net,This week in tech,"Hello subscriber,

Issue #619: here are this week's top stories. Read more at https://orbit.example.net/weekly. You can unsubscribe in your settings at any time.",https://orbit.example.net/weekly,,LEGITIMATE,newsletter
EML-0423,Orbit News <news@orbit.example.net>,orbit.example.net,Your monthly digest,"Hello subscriber,

Issue #341: here are this week's top stories. Read more at https://orbit.example.net/weekly. You can unsubscribe in your settings at any time.",https://orbit.example.net/weekly,,LEGITIMATE,newsletter
EML-0424,Accounts <billing@account-check.invalid.test>,account-check.invalid.test,Unpaid invoice #7112,"Dear user,

Your invoice is overdue. Outstanding payment must be settled today to avoid legal action. Review payment details: http://198.51.100.103/invoice",http://198.51.100.103/invoice,invoice.docm,PHISHING,fake invoice
EML-0425,Calendar <calendar@example.org>,example.org,Meeting reminder: Weekly sync at 15:00,"Hello Omar,

This is a reminder for your meeting tomorrow at 13:00 in room 10. Agenda attached.

Regards.",,agenda.pdf,LEGITIMATE,meeting reminder
EML-0426,CloudNest Security <security-alert@verify.account.secure.invalid.test>,verify.account.secure.invalid.test,URGENT: Verify Your Account Immediately,"Dear customer,

We detected unusual activity. Your account will be suspended within 24 hours unless you verify your password and confirm your identity: http://verify.account.secure.invalid.test/verify-account?id=cx25qdty

CloudNest Security Team",http://verify.account.secure.invalid.test/verify-account?id=cx25qdty,,PHISHING,fake account verification
EML-0427,SkyShop Orders <orders@skyshop.example.net>,skyshop.example.net,Your SkyShop order #47627 is confirmed,"Hi Alex,

Thanks for your order! Total: $56.00. Track it at https://skyshop.example.net/orders/9307.

SkyShop",https://skyshop.example.net/orders/1,,LEGITIMATE,shopping confirmation
EML-0428,HR Payroll <hr-payroll@example.net>,example.net,Updated payroll form,"Hello,

Please confirm your bank account number and personal details for the new payroll system: http://shrt.example.net/v3zya",http://shrt.example.net/v3zya,payroll_form.docm,PHISHING,fake HR request
EML-0429,HR Payroll <hr-payroll@example.net>,example.net,Updated payroll form,"Hello,

Please confirm your bank account number and personal details for the new payroll system: http://198.51.100.47/payroll-update

--
Sent from my device",http://198.51.100.47/payroll-update,,PHISHING,fake HR request
EML-0430,Registrar Office <registrar@university.example.org>,university.example.org,Notice: Course registration update,"Dear Nina,

Registration for spring courses opens on Monday. Log in to the student portal as usual (https://portal.example.org/students) when convenient.

Regards,
Registrar Office

Regards.",https://portal.example.org/students,,LEGITIMATE,university notice
EML-0431,Orbit News <news@orbit.example.net>,orbit.example.net,This week in tech,"Hello subscriber,

Issue #540: here are this week's top stories. Read more at https://orbit.example.net/weekly. You can unsubscribe in your settings at any time.

Regards.",https://orbit.example.net/weekly,,LEGITIMATE,newsletter
EML-0432,CloudNest <no-reply@cloudnest.example.com>,cloudnest.example.com,Your password was changed,"Hi Nina,

Your CloudNest password was changed on 1/11. If this was you, no action is needed. If not, contact support through the official app.
",,,LEGITIMATE,password-change confirmation
EML-0433,ParcelGo Delivery <parcel@verify.account.secure.invalid.test>,verify.account.secure.invalid.test,Delivery failed - action required,"Dear customer,

We could not deliver your parcel. Confirm your address and pay a small fee here: http://shrt.example.net/wgwkm Failure to respond will result in return to sender.",http://shrt.example.net/wgwkm,,PHISHING,fake delivery
EML-0434,Bluebird Bank <alerts@bluebirdbank.example.com>,bluebirdbank.example.com,Branch hours update,"Dear Priya,

Your statement (ref 49829) is now available in the Bluebird Bank app. We will never ask for your password by email.

Bluebird Bank (fictional)

Regards.",,,LEGITIMATE,bank notification
EML-0435,CloudNest <no-reply@cloudnest.example.com>,cloudnest.example.com,Your password was changed,"Hi Chen,

Your CloudNest password was changed on 1/11. If this was you, no action is needed. If not, contact support through the official app.
",,,LEGITIMATE,password-change confirmation
EML-0436,SkyShop Orders <orders@skyshop.example.net>,skyshop.example.net,Your SkyShop order #18617 is confirmed,"Hi Chen,

Thanks for your order! Total: $213.00. Track it at https://skyshop.example.net/orders/8842.

SkyShop",https://skyshop.example.net/orders/1,,LEGITIMATE,shopping confirmation
EML-0437,IT Help Desk <helpdesk@examp1e-bank.invalid.test>,examp1e-bank.invalid.test,Password expiration notice,"Dear user,

Your password expires in 2 hours. Click here to enter your password and keep access: http://198.51.100.100/reset-password",http://198.51.100.100/reset-password,,PHISHING,fake password expiration
EML-0438,Sam Lee (CEO) <ceo.sharma@example.com.invalid.test>,example.com.invalid.test,Quick favor,"Hi,

I am in a meeting and need you to buy 4 gift cards for a client. Reply here when ready and I will send the details.

Sam Lee

Regards.",,,PHISHING,fake executive request
EML-0439,Bluebird Bank <alerts@bluebirdbank.example.com>,bluebirdbank.example.com,Card payment received,"Dear Priya,

Your statement (ref 80702) is now available in the Bluebird Bank app. We will never ask for your password by email.

Bluebird Bank (fictional)

Regards.",,,LEGITIMATE,bank notification
EML-0440,IT Help Desk <helpdesk@account-check.invalid.test>,account-check.invalid.test,Password expires today,"Dear user,

Your password expires in 2 hours. Click here to enter your password and keep access: http://examp1e-bank.invalid.test/reset-password?id=uuf96sks

Thank you.",http://examp1e-bank.invalid.test/reset-password?id=uuf96sks,,PHISHING,fake password expiration
EML-0441,HR Team <hr@example.com>,example.com,Updated leave policy,"Hi Priya,

Please see the benefits guide on the intranet: https://intranet.example.com/hr/edxu.
Contact HR with any questions.

Thanks,
HR",https://intranet.example.com/hr/doc,,LEGITIMATE,hr update
EML-0442,Bluebird Bank <alerts@bluebirdbank.example.com>,bluebirdbank.example.com,Branch hours update,"Dear Maria,

Your statement (ref 78494) is now available in the Bluebird Bank app. We will never ask for your password by email.

Bluebird Bank (fictional)",,,LEGITIMATE,bank notification
EML-0443,Bluebird Bank Security <security-alert@account-check.invalid.test>,account-check.invalid.test,Action required: confirm your identity,"Dear customer,

We detected unusual activity. Your account will be suspended within 24 hours unless you verify your password and confirm your identity: http://shrt.example.net/9qecn

Bluebird Bank Security Team",http://shrt.example.net/9qecn,,PHISHING,fake account verification
EML-0444,Calendar <calendar@example.org>,example.org,Meeting reminder: Club planning at 14:00,"Hello Omar,

This is a reminder for your meeting tomorrow at 16:00 in room 18. Agenda attached.",,agenda.pdf,LEGITIMATE,meeting reminder
EML-0445,CloudNest Security <security-alert@examp1e-bank.invalid.test>,examp1e-bank.invalid.test,Action required: confirm your identity,"Dear customer,

We detected unusual activity. Your account will be suspended within 24 hours unless you verify your password and confirm your identity: http://shrt.example.net/7wqs9

CloudNest Security Team",http://shrt.example.net/7wqs9,,PHISHING,fake account verification
EML-0446,IT Help Desk <helpdesk@secure-verify.invalid.test>,secure-verify.invalid.test,Password expires today,"Dear user,

Your password expires in 2 hours. Click here to enter your password and keep access: http://198.51.100.148/reset-password

Thank you.",http://198.51.100.148/reset-password,,PHISHING,fake password expiration
EML-0447,Alex Brown (CEO) <ceo.patel@example.com.invalid.test>,example.com.invalid.test,Quick favor,"Hi,

I am in a meeting and need you to buy 8 gift cards for a client. Reply here when ready and I will send the details.

Alex Brown

--
Sent from my device",,,PHISHING,fake executive request
EML-0448,Accounts <billing@examp1e-bank.invalid.test>,examp1e-bank.invalid.test,Unpaid invoice #7761,"Dear user,

Your invoice is overdue. Outstanding payment must be settled today to avoid legal action. Review payment details: http://login-update.example.net.invalid.test/invoice?id=n2r5ky37",http://login-update.example.net.invalid.test/invoice?id=n2r5ky37,invoice.pdf,PHISHING,fake invoice
EML-0449,Bluebird Bank <alerts@bluebirdbank.example.com>,bluebirdbank.example.com,Card payment received,"Dear Tom,

Your statement (ref 72341) is now available in the Bluebird Bank app. We will never ask for your password by email.

Bluebird Bank (fictional)",,,LEGITIMATE,bank notification
EML-0450,HR Team <hr@example.com>,example.com,Holiday calendar 2026,"Hi Nina,

Please see the benefits guide on the intranet: https://intranet.example.com/hr/z36s.
Contact HR with any questions.

Thanks,
HR",https://intranet.example.com/hr/doc,policy.pdf,LEGITIMATE,hr update
EML-0451,Accounts <billing@examp1e-bank.invalid.test>,examp1e-bank.invalid.test,Unpaid invoice #5442,"Dear user,

Your invoice is overdue. Outstanding payment must be settled today to avoid legal action. Review payment details: http://shrt.example.net/c7x2g

--
Sent from my device",http://shrt.example.net/c7x2g,invoice_details.zip,PHISHING,fake invoice
EML-0452,Lena Rossi (CEO) <ceo.patel@example.com.invalid.test>,example.com.invalid.test,Are you available?,"Hi,

I am in a meeting and need you to buy 5 gift cards for a client. Reply here when ready and I will send the details.

Lena Rossi",,,PHISHING,fake executive request
EML-0453,Rewards <winner@examp1e-bank.invalid.test>,examp1e-bank.invalid.test,Congratulations! You have won a prize!!!,"Dear member,

You have won a free gift card! Claim your prize now: http://198.51.100.107/claim
Confirm your personal details to receive it. Offer expires today!",http://198.51.100.107/claim,,PHISHING,fake prize
EML-0454,HR Team <hr@example.com>,example.com,Team lunch Thursday,"Hi Alex,

Please see the updated leave policy on the intranet: https://intranet.example.com/hr/wjch.
Contact HR with any questions.

Thanks,
HR

Thank you.",https://intranet.example.com/hr/doc,calendar.xlsx,LEGITIMATE,hr update
EML-0455,Rewards <winner@examp1e-bank.invalid.test>,examp1e-bank.invalid.test,Congratulations! You have won a prize!!!,"Dear member,

You have won a free gift card! Claim your prize now: https://secure-verify.invalid.test/claim
Confirm your personal details to receive it. Offer expires today!",https://secure-verify.invalid.test/claim,,PHISHING,fake prize
EML-0456,SkyShop Security <security-alert@account-check.invalid.test>,account-check.invalid.test,URGENT: Verify Your Account Immediately,"Dear customer,

We detected unusual activity. Your account will be suspended within 24 hours unless you verify your password and confirm your identity: http://198.51.100.121/verify-account

SkyShop Security Team",http://198.51.100.121/verify-account,,PHISHING,fake account verification
EML-0457,Bluebird Bank <alerts@bluebirdbank.example.com>,bluebirdbank.example.com,Card payment received,"Dear Nina,

Your statement (ref 66148) is now available in the Bluebird Bank app. We will never ask for your password by email.

Bluebird Bank (fictional)",,,LEGITIMATE,bank notification
EML-0458,Orbit News <news@orbit.example.net>,orbit.example.net,New articles you may like,"Hello subscriber,

Issue #402: here are this week's top stories. Read more at https://orbit.example.net/weekly. You can unsubscribe in your settings at any time.",https://orbit.example.net/weekly,,LEGITIMATE,newsletter
EML-0459,Registrar Office <registrar@university.example.org>,university.example.org,Notice: Exam timetable update,"Dear Lena,

Please review the updated exam timetable on the student portal. Log in to the student portal as usual (https://portal.example.org/students) when convenient.

Regards,
Registrar Office",https://portal.example.org/students,,LEGITIMATE,university notice
EML-0460,Calendar <calendar@example.org>,example.org,Meeting reminder: Club planning at 10:00,"Hello Lena,

This is a reminder for your meeting tomorrow at 13:00 in room 22. Agenda attached.

Thank you.",,agenda.pdf,LEGITIMATE,meeting reminder
EML-0461,Calendar <calendar@example.org>,example.org,Meeting reminder: Thesis review at 14:00,"Hello Nina,

This is a reminder for your meeting tomorrow at 10:00 in room 9. Agenda attached.

Regards.",,agenda.pdf,LEGITIMATE,meeting reminder
EML-0462,IT Help Desk <helpdesk@support-desk.invalid.test>,support-desk.invalid.test,Password expiration notice,"Dear user,

Your password expires in 2 hours. Click here to enter your password and keep access: http://198.51.100.68/reset-password",http://198.51.100.68/reset-password,,PHISHING,fake password expiration
EML-0463,Priya Sharma (CEO) <ceo.lee@example.com.invalid.test>,example.com.invalid.test,Are you available?,"Hi,

I am in a meeting and need you to buy 7 gift cards for a client. Reply here when ready and I will send the details.

Priya Sharma",,,PHISHING,fake executive request
EML-0464,Bluebird Bank <alerts@bluebirdbank.example.com>,bluebirdbank.example.com,Your monthly statement is ready,"Dear Maria,

Your statement (ref 79621) is now available in the Bluebird Bank app. We will never ask for your password by email.

Bluebird Bank (fictional)",,,LEGITIMATE,bank notification
EML-0465,Rewards <winner@verify.account.secure.invalid.test>,verify.account.secure.invalid.test,Congratulations! You have won a prize!!!,"Dear member,

You have won a free gift card! Claim your prize now: http://verify.account.secure.invalid.test/claim?id=rcbzamd3
Confirm your personal details to receive it. Offer expires today!

Thank you.",http://verify.account.secure.invalid.test/claim?id=rcbzamd3,,PHISHING,fake prize
EML-0466,SkyShop Security <security-alert@login-update.example.net.invalid.test>,login-update.example.net.invalid.test,Action required: confirm your identity,"Dear customer,

We detected unusual activity. Your account will be suspended within 24 hours unless you verify your password and confirm your identity: http://shrt.example.net/r3z2k

SkyShop Security Team",http://shrt.example.net/r3z2k,,PHISHING,fake account verification
EML-0467,IT Help Desk <helpdesk@verify.account.secure.invalid.test>,verify.account.secure.invalid.test,Password expiration notice,"Dear user,

Your password expires in 2 hours. Click here to enter your password and keep access: http://shrt.example.net/zbegm",http://shrt.example.net/zbegm,,PHISHING,fake password expiration
EML-0468,SkyShop Orders <orders@skyshop.example.net>,skyshop.example.net,Your SkyShop order #36896 is confirmed,"Hi Alex,

Thanks for your order! Total: $293.00. Track it at https://skyshop.example.net/orders/4394.

SkyShop",https://skyshop.example.net/orders/1,,LEGITIMATE,shopping confirmation
EML-0469,Bluebird Bank <alerts@bluebirdbank.example.com>,bluebirdbank.example.com,Branch hours update,"Dear Maria,

Your statement (ref 85880) is now available in the Bluebird Bank app. We will never ask for your password by email.

Bluebird Bank (fictional)",,,LEGITIMATE,bank notification
EML-0470,Calendar <calendar@example.org>,example.org,Meeting reminder: Thesis review at 13:00,"Hello Sam,

This is a reminder for your meeting tomorrow at 15:00 in room 32. Agenda attached.",,agenda.pdf,LEGITIMATE,meeting reminder
EML-0471,Bluebird Bank <alerts@bluebirdbank.example.com>,bluebirdbank.example.com,Branch hours update,"Dear Tom,

Your statement (ref 47093) is now available in the Bluebird Bank app. We will never ask for your password by email.

Bluebird Bank (fictional)",,,LEGITIMATE,bank notification
EML-0472,CloudNest <no-reply@cloudnest.example.com>,cloudnest.example.com,Your password was changed,"Hi Alex,

Your CloudNest password was changed on 18/7. If this was you, no action is needed. If not, contact support through the official app.
",,,LEGITIMATE,password-change confirmation
EML-0473,Accounts <billing@login-update.example.net.invalid.test>,login-update.example.net.invalid.test,Overdue invoice - payment details required,"Dear user,

Your invoice is overdue. Outstanding payment must be settled today to avoid legal action. Review payment details: http://secure-verify.invalid.test/invoice?id=uqst77ff",http://secure-verify.invalid.test/invoice?id=uqst77ff,invoice.html,PHISHING,fake invoice
EML-0474,IT Help Desk <helpdesk@verify.account.secure.invalid.test>,verify.account.secure.invalid.test,Password expiration notice,"Dear user,

Your password expires in 2 hours. Click here to enter your password and keep access: http://198.51.100.221/reset-password",http://198.51.100.221/reset-password,,PHISHING,fake password expiration
EML-0475,ParcelGo Delivery <parcel@account-check.invalid.test>,account-check.invalid.test,Delivery failed - action required,"Dear customer,

We could not deliver your parcel. Confirm your address and pay a small fee here: http://198.51.100.173/track Failure to respond will result in return to sender.

Thank you.",http://198.51.100.173/track,label.zip,PHISHING,fake delivery
EML-0476,Priya Rossi <omar@example.com>,example.com,Notes from design review,"Hi team,

Quick update: the API tests are passing. Next steps are in the tracker.

Cheers,
Nina

Thank you.",,,LEGITIMATE,project update
EML-0477,Registrar Office <registrar@university.example.org>,university.example.org,Notice: Exam timetable update,"Dear Lena,

Registration for spring courses opens on Monday. Log in to the student portal as usual (https://portal.example.org/students) when convenient.

Regards,
Registrar Office",https://portal.example.org/students,,LEGITIMATE,university notice
EML-0478,SkyShop Orders <orders@skyshop.example.net>,skyshop.example.net,Your SkyShop order #73335 is confirmed,"Hi Alex,

Thanks for your order! Total: $131.00. Track it at https://skyshop.example.net/orders/7248.

SkyShop",https://skyshop.example.net/orders/1,,LEGITIMATE,shopping confirmation
EML-0479,Calendar <calendar@example.org>,example.org,Meeting reminder: Club planning at 13:00,"Hello Ravi,

This is a reminder for your meeting tomorrow at 9:00 in room 4. Agenda attached.",,agenda.pdf,LEGITIMATE,meeting reminder
EML-0480,IT Help Desk <helpdesk@account-check.invalid.test>,account-check.invalid.test,Password expires today,"Dear user,

Your password expires in 2 hours. Click here to enter your password and keep access: http://shrt.example.net/etj6c",http://shrt.example.net/etj6c,,PHISHING,fake password expiration
EML-0481,Accounts <billing@verify.account.secure.invalid.test>,verify.account.secure.invalid.test,Overdue invoice - payment details required,"Dear user,

Your invoice is overdue. Outstanding payment must be settled today to avoid legal action. Review payment details: http://shrt.example.net/62taa",http://shrt.example.net/62taa,invoice.html,PHISHING,fake invoice
EML-0482,Orbit News <news@orbit.example.net>,orbit.example.net,This week in tech,"Hello subscriber,

Issue #599: here are this week's top stories. Read more at https://orbit.example.net/weekly. You can unsubscribe in your settings at any time.

Regards.",https://orbit.example.net/weekly,,LEGITIMATE,newsletter
EML-0483,ParcelGo Delivery <parcel@login-update.example.net.invalid.test>,login-update.example.net.invalid.test,Your parcel is on hold,"Dear customer,

We could not deliver your parcel. Confirm your address and pay a small fee here: http://account-check.invalid.test/track?id=pc9r8anq Failure to respond will result in return to sender.",http://account-check.invalid.test/track?id=pc9r8anq,label.zip,PHISHING,fake delivery
EML-0484,Accounts <billing@examp1e-bank.invalid.test>,examp1e-bank.invalid.test,Unpaid invoice #1529,"Dear user,

Your invoice is overdue. Outstanding payment must be settled today to avoid legal action. Review payment details: http://shrt.example.net/yeb3g

--
Sent from my device",http://shrt.example.net/yeb3g,invoice.docm,PHISHING,fake invoice
EML-0485,Registrar Office <registrar@university.example.org>,university.example.org,Notice: Library hours update,"Dear Alex,

Registration for spring courses opens on Monday. Log in to the student portal as usual (https://portal.example.org/students) when convenient.

Regards,
Registrar Office",https://portal.example.org/students,,LEGITIMATE,university notice
EML-0486,Alex Lee (CEO) <ceo.sharma@example.com.invalid.test>,example.com.invalid.test,Are you available?,"Hi,

I am in a meeting and need you to buy 6 gift cards for a client. Reply here when ready and I will send the details.

Alex Lee",,,PHISHING,fake executive request
EML-0487,ParcelGo Delivery <parcel@examp1e-bank.invalid.test>,examp1e-bank.invalid.test,Delivery failed - action required,"Dear customer,

We could not deliver your parcel. Confirm your address and pay a small fee here: http://198.51.100.243/track Failure to respond will result in return to sender.",http://198.51.100.243/track,,PHISHING,fake delivery
EML-0488,Calendar <calendar@example.org>,example.org,Meeting reminder: Club planning at 16:00,"Hello Chen,

This is a reminder for your meeting tomorrow at 15:00 in room 8. Agenda attached.

Thank you.",,agenda.pdf,LEGITIMATE,meeting reminder
EML-0489,Ravi Novak (CEO) <ceo.novak@example.com.invalid.test>,example.com.invalid.test,Are you available?,"Hi,

I am in a meeting and need you to buy 3 gift cards for a client. Reply here when ready and I will send the details.

Ravi Novak

Thank you.",,,PHISHING,fake executive request
EML-0490,SkyShop Orders <orders@skyshop.example.net>,skyshop.example.net,Your SkyShop order #85631 is confirmed,"Hi Priya,

Thanks for your order! Total: $87.00. Track it at https://skyshop.example.net/orders/3444.

SkyShop",https://skyshop.example.net/orders/1,,LEGITIMATE,shopping confirmation
EML-0491,Calendar <calendar@example.org>,example.org,Meeting reminder: Club planning at 15:00,"Hello Nina,

This is a reminder for your meeting tomorrow at 9:00 in room 8. Agenda attached.

--
Sent from my device",,agenda.pdf,LEGITIMATE,meeting reminder
EML-0492,CloudNest <no-reply@cloudnest.example.com>,cloudnest.example.com,Your password was changed,"Hi Sam,

Your CloudNest password was changed on 8/2. If this was you, no action is needed. If not, contact support through the official app.


Thank you.",,,LEGITIMATE,password-change confirmation
EML-0493,CloudNest <no-reply@cloudnest.example.com>,cloudnest.example.com,Your password was changed,"Hi Tom,

Your CloudNest password was changed on 23/6. If this was you, no action is needed. If not, contact support through the official app.


Regards.",,,LEGITIMATE,password-change confirmation
EML-0494,Rewards <winner@account-check.invalid.test>,account-check.invalid.test,Congratulations! You have won a prize!!!,"Dear member,

You have won a free gift card! Claim your prize now: http://login-update.example.net.invalid.test/claim?id=4muusmyb
Confirm your personal details to receive it. Offer expires today!",http://login-update.example.net.invalid.test/claim?id=4muusmyb,,PHISHING,fake prize
EML-0495,SkyShop Orders <orders@skyshop.example.net>,skyshop.example.net,Your SkyShop order #65851 is confirmed,"Hi Sam,

Thanks for your order! Total: $237.00. Track it at https://skyshop.example.net/orders/6759.

SkyShop",https://skyshop.example.net/orders/1,,LEGITIMATE,shopping confirmation
EML-0496,Alex Rossi (CEO) <ceo.sharma@example.com.invalid.test>,example.com.invalid.test,Are you available?,"Hi,

I am in a meeting and need you to buy 8 gift cards for a client. Reply here when ready and I will send the details.

Alex Rossi",,,PHISHING,fake executive request
EML-0497,Accounts <billing@secure-verify.invalid.test>,secure-verify.invalid.test,Overdue invoice - payment details required,"Dear user,

Your invoice is overdue. Outstanding payment must be settled today to avoid legal action. Review payment details: http://verify.account.secure.invalid.test/invoice?id=wxsun3kg

--
Sent from my device",http://verify.account.secure.invalid.test/invoice?id=wxsun3kg,invoice.pdf,PHISHING,fake invoice
EML-0498,IT Help Desk <helpdesk@support-desk.invalid.test>,support-desk.invalid.test,Password expires today,"Dear user,

Your password expires in 2 hours. Click here to enter your password and keep access: http://login-update.example.net.invalid.test/reset-password?id=ybrjnm3k",http://login-update.example.net.invalid.test/reset-password?id=ybrjnm3k,,PHISHING,fake password expiration
EML-0499,Alex Novak <tom@example.com>,example.com,Project Atlas milestone,"Hi team,

Quick update: we shipped the beta. Next steps are in the tracker.

Cheers,
Chen

--
Sent from my device",,,LEGITIMATE,project update
EML-0500,ParcelGo Security <security-alert@support-desk.invalid.test>,support-desk.invalid.test,Your account will be suspended,"Dear customer,

We detected unusual activity. Your account will be suspended within 24 hours unless you verify your password and confirm your identity: https://examp1e-bank.invalid.test/verify-account

ParcelGo Security Team

--
Sent from my device",https://examp1e-bank.invalid.test/verify-account,,PHISHING,fake account verification
EML-0501,ParcelGo Delivery <parcel@account-check.invalid.test>,account-check.invalid.test,Your parcel is on hold,"Dear customer,

We could not deliver your parcel. Confirm your address and pay a small fee here: http://198.51.100.124/track Failure to respond will result in return to sender.",http://198.51.100.124/track,,PHISHING,fake delivery
EML-0502,Chen Khan (CEO) <ceo.rossi@example.com.invalid.test>,example.com.invalid.test,Are you available?,"Hi,

I am in a meeting and need you to buy 6 gift cards for a client. Reply here when ready and I will send the details.

Chen Khan",,,PHISHING,fake executive request
EML-0503,HR Team <hr@example.com>,example.com,Team lunch Thursday,"Hi Ravi,

Please see the benefits guide on the intranet: https://intranet.example.com/hr/7uww.
Contact HR with any questions.

Thanks,
HR",https://intranet.example.com/hr/doc,calendar.xlsx,LEGITIMATE,hr update
EML-0504,Rewards <winner@account-check.invalid.test>,account-check.invalid.test,Congratulations! You have won a prize!!!,"Dear member,

You have won a free gift card! Claim your prize now: https://examp1e-bank.invalid.test/claim
Confirm your personal details to receive it. Offer expires today!",https://examp1e-bank.invalid.test/claim,,PHISHING,fake prize
EML-0505,CloudNest Security <security-alert@support-desk.invalid.test>,support-desk.invalid.test,URGENT: Verify Your Account Immediately,"Dear customer,

We detected unusual activity. Your account will be suspended within 24 hours unless you verify your password and confirm your identity: https://secure-verify.invalid.test/verify-account

CloudNest Security Team

--
Sent from my device",https://secure-verify.invalid.test/verify-account,,PHISHING,fake account verification
EML-0506,Rewards <winner@verify.account.secure.invalid.test>,verify.account.secure.invalid.test,Congratulations! You have won a prize!!!,"Dear member,

You have won a free gift card! Claim your prize now: http://198.51.100.125/claim
Confirm your personal details to receive it. Offer expires today!

--
Sent from my device",http://198.51.100.125/claim,,PHISHING,fake prize
EML-0507,Bluebird Bank <alerts@bluebirdbank.example.com>,bluebirdbank.example.com,Card payment received,"Dear Nina,

Your statement (ref 11330) is now available in the Bluebird Bank app. We will never ask for your password by email.

Bluebird Bank (fictional)",,,LEGITIMATE,bank notification
EML-0508,CloudNest Security <security-alert@login-update.example.net.invalid.test>,login-update.example.net.invalid.test,URGENT: Verify Your Account Immediately,"Dear customer,

We detected unusual activity. Your account will be suspended within 24 hours unless you verify your password and confirm your identity: http://shrt.example.net/3jdxn

CloudNest Security Team

Regards.",http://shrt.example.net/3jdxn,,PHISHING,fake account verification
EML-0509,Orbit News <news@orbit.example.net>,orbit.example.net,New articles you may like,"Hello subscriber,

Issue #990: here are this week's top stories. Read more at https://orbit.example.net/weekly. You can unsubscribe in your settings at any time.",https://orbit.example.net/weekly,,LEGITIMATE,newsletter
EML-0510,Lena Patel (CEO) <ceo.novak@example.com.invalid.test>,example.com.invalid.test,Are you available?,"Hi,

I am in a meeting and need you to buy 3 gift cards for a client. Reply here when ready and I will send the details.

Lena Patel",,,PHISHING,fake executive request
EML-0511,Maria Patel <lena@example.com>,example.com,Sprint 14 status,"Hi team,

Quick update: we shipped the beta. Next steps are in the tracker.

Cheers,
Omar",,notes.docx,LEGITIMATE,project update
EML-0512,Rewards <winner@login-update.example.net.invalid.test>,login-update.example.net.invalid.test,Congratulations! You have won a prize!!!,"Dear member,

You have won a free gift card! Claim your prize now: http://198.51.100.69/claim
Confirm your personal details to receive it. Offer expires today!

--
Sent from my device",http://198.51.100.69/claim,,PHISHING,fake prize
EML-0513,Rewards <winner@verify.account.secure.invalid.test>,verify.account.secure.invalid.test,Congratulations! You have won a prize!!!,"Dear member,

You have won a free gift card! Claim your prize now: https://verify.account.secure.invalid.test/claim
Confirm your personal details to receive it. Offer expires today!",https://verify.account.secure.invalid.test/claim,,PHISHING,fake prize
EML-0514,HR Payroll <hr-payroll@example.net>,example.net,Updated payroll form,"Hello,

Please confirm your bank account number and personal details for the new payroll system: http://198.51.100.167/payroll-update",http://198.51.100.167/payroll-update,payroll_form.docm,PHISHING,fake HR request
EML-0515,Rewards <winner@secure-verify.invalid.test>,secure-verify.invalid.test,Congratulations! You have won a prize!!!,"Dear member,

You have won a free gift card! Claim your prize now: http://examp1e-bank.invalid.test/claim?id=8k27mpxs
Confirm your personal details to receive it. Offer expires today!

--
Sent from my device",http://examp1e-bank.invalid.test/claim?id=8k27mpxs,,PHISHING,fake prize
EML-0516,ParcelGo Delivery <parcel@examp1e-bank.invalid.test>,examp1e-bank.invalid.test,Your parcel is on hold,"Dear customer,

We could not deliver your parcel. Confirm your address and pay a small fee here: https://examp1e-bank.invalid.test/track Failure to respond will result in return to sender.",https://examp1e-bank.invalid.test/track,,PHISHING,fake delivery
EML-0517,SkyShop Orders <orders@skyshop.example.net>,skyshop.example.net,Your SkyShop order #23396 is confirmed,"Hi Alex,

Thanks for your order! Total: $204.00. Track it at https://skyshop.example.net/orders/2584.

SkyShop",https://skyshop.example.net/orders/1,,LEGITIMATE,shopping confirmation
EML-0518,Rewards <winner@secure-verify.invalid.test>,secure-verify.invalid.test,Congratulations! You have won a prize!!!,"Dear member,

You have won a free gift card! Claim your prize now: http://198.51.100.170/claim
Confirm your personal details to receive it. Offer expires today!",http://198.51.100.170/claim,,PHISHING,fake prize
EML-0519,HR Payroll <hr-payroll@example.net>,example.net,Salary revision - confirm your details,"Hello,

Please confirm your bank account number and personal details for the new payroll system: http://support-desk.invalid.test/payroll-update?id=5fe26xdz",http://support-desk.invalid.test/payroll-update?id=5fe26xdz,,PHISHING,fake HR request
EML-0520,Bluebird Bank Security <security-alert@account-check.invalid.test>,account-check.invalid.test,URGENT: Verify Your Account Immediately,"Dear customer,

We detected unusual activity. Your account will be suspended within 24 hours unless you verify your password and confirm your identity: http://shrt.example.net/5nxqd

Bluebird Bank Security Team",http://shrt.example.net/5nxqd,,PHISHING,fake account verification
EML-0521,Bluebird Bank <alerts@bluebirdbank.example.com>,bluebirdbank.example.com,Your monthly statement is ready,"Dear Omar,

Your statement (ref 50846) is now available in the Bluebird Bank app. We will never ask for your password by email.

Bluebird Bank (fictional)",,,LEGITIMATE,bank notification
EML-0522,Calendar <calendar@example.org>,example.org,Meeting reminder: Thesis review at 10:00,"Hello Alex,

This is a reminder for your meeting tomorrow at 16:00 in room 39. Agenda attached.",,agenda.pdf,LEGITIMATE,meeting reminder
EML-0523,SkyShop Security <security-alert@examp1e-bank.invalid.test>,examp1e-bank.invalid.test,Action required: confirm your identity,"Dear customer,

We detected unusual activity. Your account will be suspended within 24 hours unless you verify your password and confirm your identity: http://shrt.example.net/mrwt6

SkyShop Security Team

Thank you.",http://shrt.example.net/mrwt6,,PHISHING,fake account verification
EML-0524,Accounts <billing@support-desk.invalid.test>,support-desk.invalid.test,Overdue invoice - payment details required,"Dear user,

Your invoice is overdue. Outstanding payment must be settled today to avoid legal action. Review payment details: http://198.51.100.189/invoice",http://198.51.100.189/invoice,invoice.pdf.exe,PHISHING,fake invoice
EML-0525,Calendar <calendar@example.org>,example.org,Meeting reminder: Thesis review at 16:00,"Hello Sam,

This is a reminder for your meeting tomorrow at 11:00 in room 5. Agenda attached.",,agenda.pdf,LEGITIMATE,meeting reminder
EML-0526,SkyShop Orders <orders@skyshop.example.net>,skyshop.example.net,Your SkyShop order #30028 is confirmed,"Hi Maria,

Thanks for your order! Total: $42.00. Track it at https://skyshop.example.net/orders/7797.

SkyShop",https://skyshop.example.net/orders/1,,LEGITIMATE,shopping confirmation
EML-0527,CloudNest <no-reply@cloudnest.example.com>,cloudnest.example.com,Your password was changed,"Hi Lena,

Your CloudNest password was changed on 22/9. If this was you, no action is needed. If not, contact support through the official app.
",,,LEGITIMATE,password-change confirmation
EML-0528,Bluebird Bank <alerts@bluebirdbank.example.com>,bluebirdbank.example.com,Card payment received,"Dear Ravi,

Your statement (ref 28726) is now available in the Bluebird Bank app. We will never ask for your password by email.

Bluebird Bank (fictional)

Thank you.",,,LEGITIMATE,bank notification
EML-0529,Rewards <winner@support-desk.invalid.test>,support-desk.invalid.test,Congratulations! You have won a prize!!!,"Dear member,

You have won a free gift card! Claim your prize now: http://198.51.100.104/claim
Confirm your personal details to receive it. Offer expires today!",http://198.51.100.104/claim,,PHISHING,fake prize
EML-0530,Orbit News <news@orbit.example.net>,orbit.example.net,This week in tech,"Hello subscriber,

Issue #436: here are this week's top stories. Read more at https://orbit.example.net/weekly. You can unsubscribe in your settings at any time.",https://orbit.example.net/weekly,,LEGITIMATE,newsletter
EML-0531,ParcelGo Delivery <parcel@secure-verify.invalid.test>,secure-verify.invalid.test,Your parcel is on hold,"Dear customer,

We could not deliver your parcel. Confirm your address and pay a small fee here: http://verify.account.secure.invalid.test/track?id=pb9y4v7d Failure to respond will result in return to sender.",http://verify.account.secure.invalid.test/track?id=pb9y4v7d,,PHISHING,fake delivery
EML-0532,Bluebird Bank Security <security-alert@secure-verify.invalid.test>,secure-verify.invalid.test,Action required: confirm your identity,"Dear customer,

We detected unusual activity. Your account will be suspended within 24 hours unless you verify your password and confirm your identity: http://198.51.100.35/verify-account

Bluebird Bank Security Team",http://198.51.100.35/verify-account,,PHISHING,fake account verification
EML-0533,Chen Patel (CEO) <ceo.khan@example.com.invalid.test>,example.com.invalid.test,Quick favor,"Hi,

I am in a meeting and need you to buy 4 gift cards for a client. Reply here when ready and I will send the details.

Chen Patel",,,PHISHING,fake executive request
EML-0534,HR Payroll <hr-payroll@example.net>,example.net,Updated payroll form,"Hello,

Please confirm your bank account number and personal details for the new payroll system: http://login-update.example.net.invalid.test/payroll-update?id=qq4xvkvy

Regards.",http://login-update.example.net.invalid.test/payroll-update?id=qq4xvkvy,payroll_form.docm,PHISHING,fake HR request
EML-0535,Omar Patel (CEO) <ceo.brown@example.com.invalid.test>,example.com.invalid.test,Quick favor,"Hi,

I am in a meeting and need you to buy 3 gift cards for a client. Reply here when ready and I will send the details.

Omar Patel",,,PHISHING,fake executive request
EML-0536,Registrar Office <registrar@university.example.org>,university.example.org,Notice: Exam timetable update,"Dear Nina,

The library will close early on Friday for maintenance. Log in to the student portal as usual (https://portal.example.org/students) when convenient.

Regards,
Registrar Office",https://portal.example.org/students,,LEGITIMATE,university notice
EML-0537,HR Team <hr@example.com>,example.com,Urgent: Submit your documents today,"Hi Chen,

Please see the holiday calendar on the intranet: https://intranet.example.com/hr/m3ja.
Contact HR with any questions.

Thanks,
HR

--
Sent from my device",https://intranet.example.com/hr/doc,calendar.xlsx,LEGITIMATE,hr update
EML-0538,Registrar Office <registrar@university.example.org>,university.example.org,Notice: Library hours update,"Dear Alex,

Please review the updated exam timetable on the student portal. Log in to the student portal as usual (https://portal.example.org/students) when convenient.

Regards,
Registrar Office

Thank you.",https://portal.example.org/students,,LEGITIMATE,university notice
EML-0539,SkyShop Orders <orders@skyshop.example.net>,skyshop.example.net,Your SkyShop order #20011 is confirmed,"Hi Nina,

Thanks for your order! Total: $68.00. Track it at https://skyshop.example.net/orders/9693.

SkyShop",https://skyshop.example.net/orders/1,,LEGITIMATE,shopping confirmation
EML-0540,Lena Patel (CEO) <ceo.brown@example.com.invalid.test>,example.com.invalid.test,Are you available?,"Hi,

I am in a meeting and need you to buy 6 gift cards for a client. Reply here when ready and I will send the details.

Lena Patel",,,PHISHING,fake executive request
EML-0541,SkyShop Orders <orders@skyshop.example.net>,skyshop.example.net,Your SkyShop order #24322 is confirmed,"Hi Maria,

Thanks for your order! Total: $108.00. Track it at https://skyshop.example.net/orders/4116.

SkyShop",https://skyshop.example.net/orders/1,,LEGITIMATE,shopping confirmation
EML-0542,Orbit News <news@orbit.example.net>,orbit.example.net,This week in tech,"Hello subscriber,

Issue #147: here are this week's top stories. Read more at https://orbit.example.net/weekly. You can unsubscribe in your settings at any time.",https://orbit.example.net/weekly,,LEGITIMATE,newsletter
EML-0543,Orbit News <news@orbit.example.net>,orbit.example.net,Your monthly digest,"Hello subscriber,

Issue #279: here are this week's top stories. Read more at https://orbit.example.net/weekly. You can unsubscribe in your settings at any time.

--
Sent from my device",https://orbit.example.net/weekly,,LEGITIMATE,newsletter
EML-0544,HR Payroll <hr-payroll@example.net>,example.net,Updated payroll form,"Hello,

Please confirm your bank account number and personal details for the new payroll system: http://verify.account.secure.invalid.test/payroll-update?id=a7xvah3k",http://verify.account.secure.invalid.test/payroll-update?id=a7xvah3k,payroll_form.docm,PHISHING,fake HR request
EML-0545,Ravi Patel (CEO) <ceo.sharma@example.com.invalid.test>,example.com.invalid.test,Quick favor,"Hi,

I am in a meeting and need you to buy 3 gift cards for a client. Reply here when ready and I will send the details.

Ravi Patel",,,PHISHING,fake executive request
EML-0546,Lena Patel <lena@example.com>,example.com,Project Atlas milestone,"Hi team,

Quick update: the dashboard mockups are ready. Next steps are in the tracker.

Cheers,
Priya",,notes.docx,LEGITIMATE,project update
EML-0547,Bluebird Bank <alerts@bluebirdbank.example.com>,bluebirdbank.example.com,Your monthly statement is ready,"Dear Lena,

Your statement (ref 95841) is now available in the Bluebird Bank app. We will never ask for your password by email.

Bluebird Bank (fictional)

Regards.",,,LEGITIMATE,bank notification
EML-0548,SkyShop Orders <orders@skyshop.example.net>,skyshop.example.net,Your SkyShop order #69988 is confirmed,"Hi Priya,

Thanks for your order! Total: $160.00. Track it at https://skyshop.example.net/orders/4302.

SkyShop

Thank you.",https://skyshop.example.net/orders/1,,LEGITIMATE,shopping confirmation
EML-0549,ParcelGo Security <security-alert@verify.account.secure.invalid.test>,verify.account.secure.invalid.test,URGENT: Verify Your Account Immediately,"Dear customer,

We detected unusual activity. Your account will be suspended within 24 hours unless you verify your password and confirm your identity: http://examp1e-bank.invalid.test/verify-account?id=pdsx5nxv

ParcelGo Security Team",http://examp1e-bank.invalid.test/verify-account?id=pdsx5nxv,,PHISHING,fake account verification
EML-0550,CloudNest <no-reply@cloudnest.example.com>,cloudnest.example.com,Your password was changed,"Hi Tom,

Your CloudNest password was changed on 1/5. If this was you, no action is needed. If not, contact support through the official app.
",,,LEGITIMATE,password-change confirmation
EML-0551,Maria Novak <alex@example.com>,example.com,Notes from design review,"Hi team,

Quick update: we shipped the beta. Next steps are in the tracker.

Cheers,
Sam",,notes.docx,LEGITIMATE,project update
EML-0552,IT Help Desk <helpdesk@secure-verify.invalid.test>,secure-verify.invalid.test,Password expiration notice,"Dear user,

Your password expires in 2 hours. Click here to enter your password and keep access: http://198.51.100.193/reset-password",http://198.51.100.193/reset-password,,PHISHING,fake password expiration
EML-0553,ParcelGo Delivery <parcel@account-check.invalid.test>,account-check.invalid.test,Delivery failed - action required,"Dear customer,

We could not deliver your parcel. Confirm your address and pay a small fee here: http://account-check.invalid.test/track?id=m96yqxvq Failure to respond will result in return to sender.

Thank you.",http://account-check.invalid.test/track?id=m96yqxvq,label.zip,PHISHING,fake delivery
EML-0554,Calendar <calendar@example.org>,example.org,Meeting reminder: Thesis review at 15:00,"Hello Chen,

This is a reminder for your meeting tomorrow at 16:00 in room 20. Agenda attached.

Regards.",,agenda.pdf,LEGITIMATE,meeting reminder
EML-0555,Priya Sharma <omar@example.com>,example.com,Sprint 14 status,"Hi team,

Quick update: we shipped the beta. Next steps are in the tracker.

Cheers,
Chen",,,LEGITIMATE,project update
EML-0556,Orbit News <news@orbit.example.net>,orbit.example.net,This week in tech,"Hello subscriber,

Issue #423: here are this week's top stories. Read more at https://orbit.example.net/weekly. You can unsubscribe in your settings at any time.",https://orbit.example.net/weekly,,LEGITIMATE,newsletter
EML-0557,IT Help Desk <helpdesk@verify.account.secure.invalid.test>,verify.account.secure.invalid.test,Password expires today,"Dear user,

Your password expires in 2 hours. Click here to enter your password and keep access: http://198.51.100.37/reset-password",http://198.51.100.37/reset-password,,PHISHING,fake password expiration
EML-0558,Rewards <winner@verify.account.secure.invalid.test>,verify.account.secure.invalid.test,Congratulations! You have won a prize!!!,"Dear member,

You have won a free gift card! Claim your prize now: https://secure-verify.invalid.test/claim
Confirm your personal details to receive it. Offer expires today!",https://secure-verify.invalid.test/claim,,PHISHING,fake prize
EML-0559,IT Help Desk <helpdesk@account-check.invalid.test>,account-check.invalid.test,Password expires today,"Dear user,

Your password expires in 2 hours. Click here to enter your password and keep access: http://support-desk.invalid.test/reset-password?id=bafsq3u5

--
Sent from my device",http://support-desk.invalid.test/reset-password?id=bafsq3u5,,PHISHING,fake password expiration
EML-0560,CloudNest <no-reply@cloudnest.example.com>,cloudnest.example.com,Your password was changed,"Hi Maria,

Your CloudNest password was changed on 28/2. If this was you, no action is needed. If not, contact support through the official app.
",,,LEGITIMATE,password-change confirmation
EML-0561,HR Team <hr@example.com>,example.com,Reminder: benefits enrolment closes Friday,"Hi Sam,

Please see the benefits guide on the intranet: https://intranet.example.com/hr/cswm.
Contact HR with any questions.

Thanks,
HR",https://intranet.example.com/hr/doc,,LEGITIMATE,hr update
EML-0562,HR Payroll <hr-payroll@example.net>,example.net,Updated payroll form,"Hello,

Please confirm your bank account number and personal details for the new payroll system: http://198.51.100.24/payroll-update",http://198.51.100.24/payroll-update,payroll_form.docm,PHISHING,fake HR request
EML-0563,Calendar <calendar@example.org>,example.org,Meeting reminder: Thesis review at 14:00,"Hello Omar,

This is a reminder for your meeting tomorrow at 9:00 in room 12. Agenda attached.",,agenda.pdf,LEGITIMATE,meeting reminder
EML-0564,Orbit News <news@orbit.example.net>,orbit.example.net,New articles you may like,"Hello subscriber,

Issue #836: here are this week's top stories. Read more at https://orbit.example.net/weekly. You can unsubscribe in your settings at any time.

Regards.",https://orbit.example.net/weekly,,LEGITIMATE,newsletter
EML-0565,HR Team <hr@example.com>,example.com,Holiday calendar 2026,"Hi Priya,

Please see the updated leave policy on the intranet: https://intranet.example.com/hr/zm73.
Contact HR with any questions.

Thanks,
HR",https://intranet.example.com/hr/doc,calendar.xlsx,LEGITIMATE,hr update
EML-0566,Chen Rossi <maria@example.com>,example.com,Project Atlas milestone,"Hi team,

Quick update: the dashboard mockups are ready. Next steps are in the tracker.

Cheers,
Alex

Regards.",,notes.docx,LEGITIMATE,project update
EML-0567,Alex Garcia (CEO) <ceo.khan@example.com.invalid.test>,example.com.invalid.test,Are you available?,"Hi,

I am in a meeting and need you to buy 3 gift cards for a client. Reply here when ready and I will send the details.

Alex Garcia

Regards.",,,PHISHING,fake executive request
EML-0568,Accounts <billing@examp1e-bank.invalid.test>,examp1e-bank.invalid.test,Unpaid invoice #8096,"Dear user,

Your invoice is overdue. Outstanding payment must be settled today to avoid legal action. Review payment details: http://198.51.100.238/invoice

--
Sent from my device",http://198.51.100.238/invoice,invoice.docm,PHISHING,fake invoice
EML-0569,SkyShop Orders <orders@skyshop.example.net>,skyshop.example.net,Your SkyShop order #71605 is confirmed,"Hi Omar,

Thanks for your order! Total: $219.00. Track it at https://skyshop.example.net/orders/6460.

SkyShop",https://skyshop.example.net/orders/1,,LEGITIMATE,shopping confirmation
EML-0570,Orbit News <news@orbit.example.net>,orbit.example.net,New articles you may like,"Hello subscriber,

Issue #577: here are this week's top stories. Read more at https://orbit.example.net/weekly. You can unsubscribe in your settings at any time.",https://orbit.example.net/weekly,,LEGITIMATE,newsletter
EML-0571,OrbitPay Security <security-alert@examp1e-bank.invalid.test>,examp1e-bank.invalid.test,Your account will be suspended,"Dear customer,

We detected unusual activity. Your account will be suspended within 24 hours unless you verify your password and confirm your identity: http://198.51.100.53/verify-account

OrbitPay Security Team",http://198.51.100.53/verify-account,,PHISHING,fake account verification
EML-0572,Accounts <billing@verify.account.secure.invalid.test>,verify.account.secure.invalid.test,Overdue invoice - payment details required,"Dear user,

Your invoice is overdue. Outstanding payment must be settled today to avoid legal action. Review payment details: https://examp1e-bank.invalid.test/invoice",https://examp1e-bank.invalid.test/invoice,invoice.pdf.exe,PHISHING,fake invoice
EML-0573,SkyShop Orders <orders@skyshop.example.net>,skyshop.example.net,Your SkyShop order #41300 is confirmed,"Hi Tom,

Thanks for your order! Total: $206.00. Track it at https://skyshop.example.net/orders/4826.

SkyShop",https://skyshop.example.net/orders/1,,LEGITIMATE,shopping confirmation
EML-0574,Orbit News <news@orbit.example.net>,orbit.example.net,New articles you may like,"Hello subscriber,

Issue #409: here are this week's top stories. Read more at https://orbit.example.net/weekly. You can unsubscribe in your settings at any time.",https://orbit.example.net/weekly,,LEGITIMATE,newsletter
EML-0575,HR Payroll <hr-payroll@example.net>,example.net,Updated payroll form,"Hello,

Please confirm your bank account number and personal details for the new payroll system: http://shrt.example.net/d7ruq",http://shrt.example.net/d7ruq,payroll_form.docm,PHISHING,fake HR request
EML-0576,HR Payroll <hr-payroll@example.net>,example.net,Updated payroll form,"Hello,

Please confirm your bank account number and personal details for the new payroll system: http://shrt.example.net/y3js8

Regards.",http://shrt.example.net/y3js8,payroll_form.docm,PHISHING,fake HR request
EML-0577,Omar Novak (CEO) <ceo.rossi@example.com.invalid.test>,example.com.invalid.test,Quick favor,"Hi,

I am in a meeting and need you to buy 5 gift cards for a client. Reply here when ready and I will send the details.

Omar Novak",,,PHISHING,fake executive request
EML-0578,ParcelGo Delivery <parcel@verify.account.secure.invalid.test>,verify.account.secure.invalid.test,Your parcel is on hold,"Dear customer,

We could not deliver your parcel. Confirm your address and pay a small fee here: http://198.51.100.78/track Failure to respond will result in return to sender.

Regards.",http://198.51.100.78/track,label.zip,PHISHING,fake delivery
EML-0579,Calendar <calendar@example.org>,example.org,Meeting reminder: Club planning at 16:00,"Hello Alex,

This is a reminder for your meeting tomorrow at 10:00 in room 6. Agenda attached.

Thank you.",,agenda.pdf,LEGITIMATE,meeting reminder
EML-0580,CloudNest <no-reply@cloudnest.example.com>,cloudnest.example.com,Your password was changed,"Hi Lena,

Your CloudNest password was changed on 9/7. If this was you, no action is needed. If not, contact support through the official app.


Thank you.",,,LEGITIMATE,password-change confirmation
EML-0581,Orbit News <news@orbit.example.net>,orbit.example.net,Your monthly digest,"Hello subscriber,

Issue #144: here are this week's top stories. Read more at https://orbit.example.net/weekly. You can unsubscribe in your settings at any time.",https://orbit.example.net/weekly,,LEGITIMATE,newsletter
EML-0582,ParcelGo Delivery <parcel@verify.account.secure.invalid.test>,verify.account.secure.invalid.test,Delivery failed - action required,"Dear customer,

We could not deliver your parcel. Confirm your address and pay a small fee here: http://secure-verify.invalid.test/track?id=jksg4tpw Failure to respond will result in return to sender.",http://secure-verify.invalid.test/track?id=jksg4tpw,label.zip,PHISHING,fake delivery
EML-0583,Calendar <calendar@example.org>,example.org,Meeting reminder: Weekly sync at 9:00,"Hello Maria,

This is a reminder for your meeting tomorrow at 13:00 in room 14. Agenda attached.",,agenda.pdf,LEGITIMATE,meeting reminder
EML-0584,HR Team <hr@example.com>,example.com,Updated leave policy,"Hi Ravi,

Please see the benefits guide on the intranet: https://intranet.example.com/hr/zqak.
Contact HR with any questions.

Thanks,
HR",https://intranet.example.com/hr/doc,policy.pdf,LEGITIMATE,hr update
EML-0585,Orbit News <news@orbit.example.net>,orbit.example.net,New articles you may like,"Hello subscriber,

Issue #252: here are this week's top stories. Read more at https://orbit.example.net/weekly. You can unsubscribe in your settings at any time.",https://orbit.example.net/weekly,,LEGITIMATE,newsletter
EML-0586,IT Help Desk <helpdesk@support-desk.invalid.test>,support-desk.invalid.test,Password expires today,"Dear user,

Your password expires in 2 hours. Click here to enter your password and keep access: http://198.51.100.78/reset-password",http://198.51.100.78/reset-password,,PHISHING,fake password expiration
EML-0587,ParcelGo Delivery <parcel@secure-verify.invalid.test>,secure-verify.invalid.test,Your parcel is on hold,"Dear customer,

We could not deliver your parcel. Confirm your address and pay a small fee here: http://shrt.example.net/cutz8 Failure to respond will result in return to sender.",http://shrt.example.net/cutz8,,PHISHING,fake delivery
EML-0588,HR Payroll <hr-payroll@example.net>,example.net,Salary revision - confirm your details,"Hello,

Please confirm your bank account number and personal details for the new payroll system: https://examp1e-bank.invalid.test/payroll-update

--
Sent from my device",https://examp1e-bank.invalid.test/payroll-update,payroll_form.docm,PHISHING,fake HR request
EML-0589,Nina Khan <alex@example.com>,example.com,Sprint 14 status,"Hi team,

Quick update: the API tests are passing. Next steps are in the tracker.

Cheers,
Maria

--
Sent from my device",,status.pdf,LEGITIMATE,project update
EML-0590,HR Payroll <hr-payroll@example.net>,example.net,Salary revision - confirm your details,"Hello,

Please confirm your bank account number and personal details for the new payroll system: http://examp1e-bank.invalid.test/payroll-update?id=6txep6v5",http://examp1e-bank.invalid.test/payroll-update?id=6txep6v5,payroll_form.docm,PHISHING,fake HR request
EML-0591,Bluebird Bank Security <security-alert@login-update.example.net.invalid.test>,login-update.example.net.invalid.test,Action required: confirm your identity,"Dear customer,

We detected unusual activity. Your account will be suspended within 24 hours unless you verify your password and confirm your identity: https://examp1e-bank.invalid.test/verify-account

Bluebird Bank Security Team",https://examp1e-bank.invalid.test/verify-account,,PHISHING,fake account verification
EML-0592,IT Help Desk <helpdesk@verify.account.secure.invalid.test>,verify.account.secure.invalid.test,Password expires today,"Dear user,

Your password expires in 2 hours. Click here to enter your password and keep access: https://account-check.invalid.test/reset-password",https://account-check.invalid.test/reset-password,,PHISHING,fake password expiration
EML-0593,ParcelGo Security <security-alert@login-update.example.net.invalid.test>,login-update.example.net.invalid.test,URGENT: Verify Your Account Immediately,"Dear customer,

We detected unusual activity. Your account will be suspended within 24 hours unless you verify your password and confirm your identity: https://support-desk.invalid.test/verify-account

ParcelGo Security Team",https://support-desk.invalid.test/verify-account,,PHISHING,fake account verification
EML-0594,IT Help Desk <helpdesk@secure-verify.invalid.test>,secure-verify.invalid.test,Password expires today,"Dear user,

Your password expires in 2 hours. Click here to enter your password and keep access: http://198.51.100.20/reset-password",http://198.51.100.20/reset-password,,PHISHING,fake password expiration
EML-0595,Bluebird Bank <alerts@bluebirdbank.example.com>,bluebirdbank.example.com,Your monthly statement is ready,"Dear Tom,

Your statement (ref 99889) is now available in the Bluebird Bank app. We will never ask for your password by email.

Bluebird Bank (fictional)",,,LEGITIMATE,bank notification
EML-0596,Sam Lee (CEO) <ceo.patel@example.com.invalid.test>,example.com.invalid.test,Quick favor,"Hi,

I am in a meeting and need you to buy 5 gift cards for a client. Reply here when ready and I will send the details.

Sam Lee",,,PHISHING,fake executive request
EML-0597,HR Payroll <hr-payroll@example.net>,example.net,Salary revision - confirm your details,"Hello,

Please confirm your bank account number and personal details for the new payroll system: http://shrt.example.net/q5qds",http://shrt.example.net/q5qds,,PHISHING,fake HR request
EML-0598,ParcelGo Security <security-alert@account-check.invalid.test>,account-check.invalid.test,Your account will be suspended,"Dear customer,

We detected unusual activity. Your account will be suspended within 24 hours unless you verify your password and confirm your identity: http://198.51.100.169/verify-account

ParcelGo Security Team",http://198.51.100.169/verify-account,,PHISHING,fake account verification
EML-0599,HR Payroll <hr-payroll@example.net>,example.net,Updated payroll form,"Hello,

Please confirm your bank account number and personal details for the new payroll system: http://shrt.example.net/twvvv",http://shrt.example.net/twvvv,payroll_form.docm,PHISHING,fake HR request
EML-0600,Registrar Office <registrar@university.example.org>,university.example.org,Notice: Course registration update,"Dear Alex,

Registration for spring courses opens on Monday. Log in to the student portal as usual (https://portal.example.org/students) when convenient.

Regards,
Registrar Office",https://portal.example.org/students,,LEGITIMATE,university notice
EML-0601,Rewards <winner@secure-verify.invalid.test>,secure-verify.invalid.test,Congratulations! You have won a prize!!!,"Dear member,

You have won a free gift card! Claim your prize now: http://198.51.100.128/claim
Confirm your personal details to receive it. Offer expires today!

Regards.",http://198.51.100.128/claim,,PHISHING,fake prize
EML-0602,Maria Novak <alex@example.com>,example.com,Sprint 14 status,"Hi team,

Quick update: the API tests are passing. Next steps are in the tracker.

Cheers,
Lena",,notes.docx,LEGITIMATE,project update
EML-0603,HR Payroll <hr-payroll@example.net>,example.net,Updated payroll form,"Hello,

Please confirm your bank account number and personal details for the new payroll system: http://secure-verify.invalid.test/payroll-update?id=t23e9h7u",http://secure-verify.invalid.test/payroll-update?id=t23e9h7u,,PHISHING,fake HR request
EML-0604,Priya Brown (CEO) <ceo.rossi@example.com.invalid.test>,example.com.invalid.test,Quick favor,"Hi,

I am in a meeting and need you to buy 8 gift cards for a client. Reply here when ready and I will send the details.

Priya Brown",,,PHISHING,fake executive request
EML-0605,Accounts <billing@secure-verify.invalid.test>,secure-verify.invalid.test,Overdue invoice - payment details required,"Dear user,

Your invoice is overdue. Outstanding payment must be settled today to avoid legal action. Review payment details: http://account-check.invalid.test/invoice?id=3h4vmzwf",http://account-check.invalid.test/invoice?id=3h4vmzwf,invoice.pdf.exe,PHISHING,fake invoice
EML-0606,ParcelGo Delivery <parcel@support-desk.invalid.test>,support-desk.invalid.test,Delivery failed - action required,"Dear customer,

We could not deliver your parcel. Confirm your address and pay a small fee here: http://examp1e-bank.invalid.test/track?id=m69m6nf8 Failure to respond will result in return to sender.

Thank you.",http://examp1e-bank.invalid.test/track?id=m69m6nf8,,PHISHING,fake delivery
EML-0607,Calendar <calendar@example.org>,example.org,Meeting reminder: Club planning at 9:00,"Hello Omar,

This is a reminder for your meeting tomorrow at 11:00 in room 39. Agenda attached.",,agenda.pdf,LEGITIMATE,meeting reminder
EML-0608,Calendar <calendar@example.org>,example.org,Meeting reminder: Club planning at 14:00,"Hello Alex,

This is a reminder for your meeting tomorrow at 14:00 in room 7. Agenda attached.",,agenda.pdf,LEGITIMATE,meeting reminder
EML-0609,Chen Khan (CEO) <ceo.patel@example.com.invalid.test>,example.com.invalid.test,Quick favor,"Hi,

I am in a meeting and need you to buy 3 gift cards for a client. Reply here when ready and I will send the details.

Chen Khan

--
Sent from my device",,,PHISHING,fake executive request
EML-0610,ParcelGo Delivery <parcel@support-desk.invalid.test>,support-desk.invalid.test,Your parcel is on hold,"Dear customer,

We could not deliver your parcel. Confirm your address and pay a small fee here: https://verify.account.secure.invalid.test/track Failure to respond will result in return to sender.",https://verify.account.secure.invalid.test/track,,PHISHING,fake delivery
EML-0611,CloudNest <no-reply@cloudnest.example.com>,cloudnest.example.com,Your password was changed,"Hi Chen,

Your CloudNest password was changed on 17/12. If this was you, no action is needed. If not, contact support through the official app.


Regards.",,,LEGITIMATE,password-change confirmation
EML-0612,Orbit News <news@orbit.example.net>,orbit.example.net,Your monthly digest,"Hello subscriber,

Issue #970: here are this week's top stories. Read more at https://orbit.example.net/weekly. You can unsubscribe in your settings at any time.",https://orbit.example.net/weekly,,LEGITIMATE,newsletter
EML-0613,Accounts <billing@support-desk.invalid.test>,support-desk.invalid.test,Overdue invoice - payment details required,"Dear user,

Your invoice is overdue. Outstanding payment must be settled today to avoid legal action. Review payment details: http://198.51.100.139/invoice",http://198.51.100.139/invoice,invoice_details.zip,PHISHING,fake invoice
EML-0614,IT Help Desk <helpdesk@support-desk.invalid.test>,support-desk.invalid.test,Password expiration notice,"Dear user,

Your password expires in 2 hours. Click here to enter your password and keep access: http://account-check.invalid.test/reset-password?id=63xtnbth",http://account-check.invalid.test/reset-password?id=63xtnbth,,PHISHING,fake password expiration
EML-0615,IT Help Desk <helpdesk@examp1e-bank.invalid.test>,examp1e-bank.invalid.test,Password expires today,"Dear user,

Your password expires in 2 hours. Click here to enter your password and keep access: http://shrt.example.net/hwudk",http://shrt.example.net/hwudk,,PHISHING,fake password expiration
EML-0616,Omar Lee <ravi@example.com>,example.com,Notes from design review,"Hi team,

Quick update: the API tests are passing. Next steps are in the tracker.

Cheers,
Tom",,,LEGITIMATE,project update
EML-0617,Accounts <billing@examp1e-bank.invalid.test>,examp1e-bank.invalid.test,Unpaid invoice #5026,"Dear user,

Your invoice is overdue. Outstanding payment must be settled today to avoid legal action. Review payment details: http://secure-verify.invalid.test/invoice?id=zauvzkgh",http://secure-verify.invalid.test/invoice?id=zauvzkgh,invoice.pdf,PHISHING,fake invoice
EML-0618,Omar Rossi (CEO) <ceo.lee@example.com.invalid.test>,example.com.invalid.test,Quick favor,"Hi,

I am in a meeting and need you to buy 6 gift cards for a client. Reply here when ready and I will send the details.

Omar Rossi",,,PHISHING,fake executive request
EML-0619,Rewards <winner@examp1e-bank.invalid.test>,examp1e-bank.invalid.test,Congratulations! You have won a prize!!!,"Dear member,

You have won a free gift card! Claim your prize now: http://shrt.example.net/xfthb
Confirm your personal details to receive it. Offer expires today!",http://shrt.example.net/xfthb,,PHISHING,fake prize
EML-0620,Registrar Office <registrar@university.example.org>,university.example.org,Notice: Exam timetable update,"Dear Maria,

Registration for spring courses opens on Monday. Log in to the student portal as usual (https://portal.example.org/students) when convenient.

Regards,
Registrar Office",https://portal.example.org/students,,LEGITIMATE,university notice
EML-0621,HR Payroll <hr-payroll@example.net>,example.net,Updated payroll form,"Hello,

Please confirm your bank account number and personal details for the new payroll system: http://198.51.100.138/payroll-update",http://198.51.100.138/payroll-update,payroll_form.docm,PHISHING,fake HR request
EML-0622,HR Payroll <hr-payroll@example.net>,example.net,Salary revision - confirm your details,"Hello,

Please confirm your bank account number and personal details for the new payroll system: http://examp1e-bank.invalid.test/payroll-update?id=gzfq9c8z

Regards.",http://examp1e-bank.invalid.test/payroll-update?id=gzfq9c8z,payroll_form.docm,PHISHING,fake HR request
EML-0623,Bluebird Bank <alerts@bluebirdbank.example.com>,bluebirdbank.example.com,Card payment received,"Dear Alex,

Your statement (ref 82357) is now available in the Bluebird Bank app. We will never ask for your password by email.

Bluebird Bank (fictional)

--
Sent from my device",,,LEGITIMATE,bank notification
EML-0624,Orbit News <news@orbit.example.net>,orbit.example.net,Your monthly digest,"Hello subscriber,

Issue #718: here are this week's top stories. Read more at https://orbit.example.net/weekly. You can unsubscribe in your settings at any time.

Thank you.",https://orbit.example.net/weekly,,LEGITIMATE,newsletter
EML-0625,HR Team <hr@example.com>,example.com,Urgent: Submit your documents today,"Hi Ravi,

Please see the holiday calendar on the intranet: https://intranet.example.com/hr/xxv4.
Contact HR with any questions.

Thanks,
HR

Thank you.",https://intranet.example.com/hr/doc,policy.pdf,LEGITIMATE,hr update
EML-0626,Bluebird Bank <alerts@bluebirdbank.example.com>,bluebirdbank.example.com,Your monthly statement is ready,"Dear Tom,

Your statement (ref 21104) is now available in the Bluebird Bank app. We will never ask for your password by email.

Bluebird Bank (fictional)",,,LEGITIMATE,bank notification
EML-0627,CloudNest Security <security-alert@account-check.invalid.test>,account-check.invalid.test,Action required: confirm your identity,"Dear customer,

We detected unusual activity. Your account will be suspended within 24 hours unless you verify your password and confirm your identity: http://examp1e-bank.invalid.test/verify-account?id=ygnryye9

CloudNest Security Team",http://examp1e-bank.invalid.test/verify-account?id=ygnryye9,,PHISHING,fake account verification
EML-0628,HR Payroll <hr-payroll@example.net>,example.net,Salary revision - confirm your details,"Hello,

Please confirm your bank account number and personal details for the new payroll system: https://account-check.invalid.test/payroll-update",https://account-check.invalid.test/payroll-update,payroll_form.docm,PHISHING,fake HR request
